DATE,CCI,WMA,TRIX,MINUS_DI,PLUS_DI
2019-02-15,166.8288,30.4891,0.6502,6.2713,38.8341
2019-02-14,135.6869,30.3111,0.6745,7.4350,33.9143
2019-02-13,165.3931,30.1415,0.7065,8.0041,32.7720
2019-02-12,224.2884,30.0380,0.7497,8.7468,35.8130
2019-02-11,143.6567,29.9249,0.7983,9.6939,29.2127
2019-02-08,35.5805,29.9029,0.8580,10.4316,28.7299
2019-02-07,81.8233,29.8965,0.9157,10.6529,30.9183
2019-02-06,88.8473,29.8547,0.9671,11.4370,33.1939
2019-02-05,29.1420,29.8307,1.0154,12.3614,33.1827
2019-02-04,8.8059,29.7895,1.0572,13.2422,31.3906
2019-02-01,37.5270,29.6975,1.0823,8.3202,34.2256
2019-01-31,55.7484,29.5142,1.0828,5.3514,36.3207
2019-01-30,62.9867,29.2407,1.0565,5.6040,38.0352
2019-01-29,67.3745,28.8805,1.0020,6.0082,40.7782
2019-01-28,89.4387,28.4382,0.9208,6.5044,44.1462
2019-01-25,121.1859,27.9951,0.8185,4.3219,48.2698
2019-01-24,181.7869,27.4104,0.6893,4.5980,51.3535
2019-01-23,314.9979,26.7947,0.5605,5.1528,52.5126
2019-01-22,123.4492,26.0564,0.4525,8.0988,28.5113
2019-01-18,110.7953,25.9227,0.4195,8.6953,28.0493
2019-01-17,132.7957,25.7716,0.3799,9.4439,29.2119
2019-01-16,118.6779,25.6229,0.3357,10.0983,31.2361
2019-01-15,53.9063,25.5104,0.2862,11.3961,23.6228
2019-01-14,69.5621,25.3471,0.2182,10.6031,24.9997
2019-01-11,85.4051,25.1465,0.1332,11.2997,26.6419
2019-01-10,84.7397,24.9356,0.0328,12.3396,25.7284
2019-01-09,114.7157,24.5987,-0.0880,13.0479,27.9012
2019-01-08,112.5694,24.2691,-0.2113,14.1121,24.8263
2019-01-07,142.7994,23.8975,-0.3366,15.1725,26.5654
2019-01-04,181.5636,23.5496,-0.4495,16.4230,25.7410
2019-01-03,144.4701,23.2936,-0.5417,19.0732,19.4154
2019-01-02,125.8208,23.0411,-0.6149,20.5731,17.6967
2018-12-31,38.5568,23.0404,-0.6534,23.6254,12.5816
2018-12-28,37.8147,22.9798,-0.6874,23.2466,13.7294
2018-12-27,-23.4054,22.9353,-0.6989,25.1385,10.2843
2018-12-26,-84.9015,23.0595,-0.6746,27.8593,7.9536
2018-12-24,-137.0493,23.3573,-0.6286,32.9038,6.5175
2018-12-21,-126.6469,23.6782,-0.5842,32.6285,7.3426
2018-12-20,-122.8268,23.9195,-0.5481,32.2746,8.4171
2018-12-19,-116.4302,24.1945,-0.5093,31.1657,9.4006
2018-12-18,-129.9939,24.4125,-0.4783,31.7539,10.7278
2018-12-17,-155.6164,24.6522,-0.4484,33.9645,11.6613
2018-12-14,-114.5776,24.8627,-0.4241,31.4427,12.9241
2018-12-13,-113.4277,25.1278,-0.4030,31.5872,14.4668
2018-12-12,-88.3701,25.2936,-0.3979,28.9797,15.7667
2018-12-11,-111.2902,25.4682,-0.3980,31.5716,17.1768
2018-12-10,-117.8903,25.5393,-0.4091,35.8085,20.4141
2018-12-07,-44.4611,25.6164,-0.4166,28.1267,23.8103
2018-12-06,-163.0307,25.6913,-0.4212,31.4815,15.0248
2018-12-04,-156.4286,25.9236,-0.4234,31.8486,16.4804
2018-12-03,36.4411,25.9556,-0.4569,21.8315,19.5174
2018-11-30,21.7987,25.8862,-0.5006,24.3562,15.7928
2018-11-29,57.3372,25.8703,-0.5380,22.1267,16.5408
2018-11-28,51.0811,25.8420,-0.5728,23.6296,17.6643
2018-11-27,-18.3212,25.8655,-0.5943,25.3260,14.3322
2018-11-26,-28.8199,25.9769,-0.6010,25.5090,15.1095
2018-11-23,-69.9553,26.0846,-0.5983,27.4359,12.1538
2018-11-21,-75.5720,26.2949,-0.5786,29.0068,12.8497
2018-11-20,-120.6423,26.5575,-0.5524,31.5680,11.1206
2018-11-19,-145.5345,26.8653,-0.5292,32.7364,12.1089
2018-11-16,-159.5920,27.0650,-0.5243,33.3327,13.3603
2018-11-15,-128.2860,27.2073,-0.5335,31.7638,15.0423
2018-11-14,-26.3662,27.3402,-0.5564,26.6706,16.8040
2018-11-13,6.6587,27.2755,-0.5946,24.2094,19.3956
2018-11-12,-22.8795,27.3456,-0.6154,26.4950,18.6849
2018-11-09,-8.5612,27.3600,-0.6317,27.1926,20.0853
2018-11-08,-27.8697,27.4449,-0.6296,29.4590,17.1352
2018-11-07,-59.0692,27.5658,-0.6114,30.6587,15.7477
2018-11-06,-107.0735,27.7880,-0.5747,33.0098,13.2246
2018-11-05,-143.5105,28.1056,-0.5271,34.4142,14.1061
2018-11-02,-206.5063,28.5453,-0.4834,36.2992,14.8787
2018-11-01,18.4678,28.8987,-0.4644,17.5807,20.7155
2018-10-31,-15.9553,28.9442,-0.4693,18.7809,20.5368
2018-10-30,-64.3423,29.0189,-0.4576,20.0103,15.6625
2018-10-29,-109.6746,29.2696,-0.4242,21.6239,16.9255
2018-10-26,-155.5287,29.5302,-0.3896,24.6621,15.8183
2018-10-25,-150.0481,29.7845,-0.3592,20.6013,17.7691
2018-10-24,-166.9121,30.0216,-0.3384,20.5819,19.0835
2018-10-23,-148.4499,30.1247,-0.3331,23.9818,18.8874
2018-10-22,-12.1165,30.4211,-0.3287,16.7416,21.4517
2018-10-19,59.8055,30.2211,-0.3589,21.3809,27.5652
2018-10-18,-70.4551,30.2345,-0.3574,29.5110,11.7408
2018-10-17,-50.6886,30.3547,-0.3391,28.6673,13.0712
2018-10-16,-71.8023,30.4829,-0.3112,32.1878,11.0254
2018-10-15,-114.5755,30.6796,-0.2701,35.7078,9.0830
2018-10-12,-159.8579,30.9307,-0.2225,38.2153,9.7208
2018-10-11,-255.7798,31.1722,-0.1782,40.7990,11.3774
2018-10-10,-160.8014,31.3805,-0.1423,30.2988,13.4297
2018-10-09,-98.1869,31.4342,-0.1174,27.3358,16.1408
2018-10-08,-73.6105,31.5482,-0.0846,29.2153,17.2506
2018-10-05,-56.3649,31.7115,-0.0483,27.4383,19.2282
2018-10-04,-49.0850,31.8242,-0.0134,28.8926,21.0854
2018-10-03,-42.4451,31.9285,0.0290,28.8518,23.6284
2018-10-02,-84.5634,32.1015,0.0860,32.7327,18.8497
2018-10-01,-96.4976,32.3329,0.1531,34.1696,20.8789
2018-09-28,-160.9090,32.6140,0.2221,38.9345,17.8832
2018-09-27,-157.8400,32.8782,0.2807,31.5353,20.0501
2018-09-26,-114.6881,33.0691,0.3193,28.7733,21.6083
2018-09-25,5.1849,33.1315,0.3330,18.0164,26.7972
2018-09-24,44.3691,33.0640,0.3264,15.5652,29.5548
2018-09-21,117.7443,32.9204,0.3079,6.6266,33.5858
2018-09-20,169.2689,32.7089,0.2830,6.3702,36.5512
2018-09-19,187.8248,32.4780,0.2608,6.8781,35.6834
2018-09-18,148.8441,32.3171,0.2484,7.7880,28.6332
2018-09-17,113.5231,32.2196,0.2415,8.7017,29.3570
2018-09-14,107.8095,32.0855,0.2330,9.6560,28.5136
2018-09-13,79.6066,32.0078,0.2284,10.7042,26.4944
2018-09-12,111.7685,31.9135,0.2211,11.2650,27.8826
2018-09-11,164.5167,31.7991,0.2142,12.0589,29.8477
2018-09-10,196.1398,31.7435,0.2137,13.8654,34.3190
2018-09-07,23.2463,31.7345,0.2142,16.7653,25.9450
2018-09-06,55.3102,31.7153,0.2083,17.8692,27.6533
2018-09-05,150.7062,31.6638,0.1958,14.2250,31.0132
2018-09-04,68.0368,31.5935,0.1790,15.3590,26.8254
2018-08-31,31.2428,31.5576,0.1602,16.5786,25.7205
2018-08-30,52.6029,31.5267,0.1315,15.5426,27.3108
2018-08-29,64.5838,31.4364,0.0868,16.3708,28.7660
2018-08-28,94.4587,31.2467,0.0266,13.0038,31.2378
2018-08-27,104.1051,31.0456,-0.0394,13.8245,33.2094
2018-08-24,72.7619,30.8485,-0.1100,15.6095,26.2732
2018-08-23,102.7676,30.6687,-0.1864,15.5941,27.3104
2018-08-22,146.1920,30.3833,-0.2720,17.1008,29.1700
2018-08-21,161.1913,30.1882,-0.3481,19.0813,27.0706
2018-08-20,183.6276,29.9798,-0.4196,20.7121,25.6384
2018-08-17,128.3898,29.8836,-0.4773,23.5473,18.2755
2018-08-16,140.9815,29.7662,-0.5292,24.8413,19.2799
2018-08-15,31.3602,29.7418,-0.5667,27.3655,15.9375
2018-08-14,40.2397,29.7367,-0.5984,30.0323,15.4543
2018-08-13,-75.5736,29.6918,-0.6266,33.7426,10.3024
2018-08-10,-29.2469,29.7407,-0.6439,32.4366,10.8859
2018-08-09,62.6734,29.7573,-0.6616,30.2298,11.7833
2018-08-08,54.5604,29.7745,-0.6751,28.8525,12.3860
2018-08-07,-10.3189,29.8464,-0.6737,30.0736,11.3382
2018-08-06,-34.8441,30.0356,-0.6502,31.9145,12.0322
2018-08-03,-49.2151,30.2760,-0.6053,34.1508,9.9334
2018-08-02,-64.9734,30.6158,-0.5340,36.8850,8.7230
2018-08-01,-85.1021,31.1398,-0.4384,39.7471,9.1902
2018-07-31,-114.6339,31.7413,-0.3375,43.0369,9.9508
2018-07-30,-146.2805,32.2791,-0.2473,45.2105,11.0935
2018-07-27,-202.6512,32.8747,-0.1723,45.7929,12.2899
2018-07-26,-230.6370,33.3418,-0.1402,51.2931,14.0771
2018-07-25,60.5150,33.2940,-0.1626,27.6990,23.2504
2018-07-24,69.7425,33.1987,-0.1859,25.0230,26.2061
2018-07-23,-6.9955,33.1404,-0.1980,27.1593,20.9927
2018-07-20,-46.4483,33.2480,-0.1927,30.2435,21.4321
2018-07-19,-25.3559,33.3351,-0.1852,30.5354,23.4873
2018-07-18,-35.6844,33.4218,-0.1719,34.2479,23.1679
2018-07-17,-86.1625,33.5604,-0.1500,38.1869,17.7505
2018-07-16,-129.3639,33.7631,-0.1242,40.8130,14.8599
2018-07-13,-166.2044,34.0307,-0.1068,42.7395,15.5613
2018-07-12,-47.8641,34.2324,-0.1170,40.7964,17.4413
2018-07-11,119.8080,34.0215,-0.1648,21.2023,24.9379
2018-07-10,194.1408,33.8407,-0.2071,20.5436,26.5321
2018-07-09,247.1759,33.5987,-0.2426,21.4039,26.0009
2018-07-06,30.7594,33.5538,-0.2547,26.0654,14.7447
2018-07-05,5.3600,33.5780,-0.2571,26.9186,16.1295
2018-07-03,-21.7913,33.5942,-0.2540,28.8018,17.2579
2018-07-02,-36.7199,33.6120,-0.2385,31.0940,17.1392
2018-06-29,-51.2943,33.7969,-0.2038,31.3784,19.2344
2018-06-28,-137.2454,33.9615,-0.1646,36.8162,7.7137
2018-06-27,-135.7098,34.2404,-0.1168,32.7851,8.5280
2018-06-26,-139.5322,34.4720,-0.0755,30.9441,9.8007
2018-06-25,-153.0824,34.6604,-0.0396,31.6107,10.7516
2018-06-22,-125.1294,34.8353,-0.0072,25.1142,12.0580
2018-06-21,-178.3796,34.9393,0.0200,27.4699,13.1891
2018-06-20,-140.5234,35.0915,0.0488,20.0537,15.2471
2018-06-19,-172.0011,35.1304,0.0715,22.1250,14.0552
2018-06-18,-115.3955,35.2555,0.1000,17.6640,15.4533
2018-06-15,-93.6500,35.3167,0.1225,18.9063,16.5401
2018-06-14,-53.5291,35.3669,0.1432,17.7079,18.7002
2018-06-13,-35.7775,35.4151,0.1611,18.9128,20.2488
2018-06-12,26.9865,35.3855,0.1718,18.0275,22.4699
2018-06-11,53.3578,35.3471,0.1814,18.4458,24.2565
2018-06-08,49.6342,35.3035,0.1898,20.1987,24.0608
2018-06-07,84.4355,35.2625,0.1986,19.9879,25.5156
2018-06-06,26.4825,35.2038,0.2099,22.5559,20.7943
2018-06-05,-30.8128,35.2560,0.2295,24.6732,20.6780
2018-06-04,-2.0395,35.2633,0.2462,23.2437,22.4806
2018-06-01,-49.2104,35.2985,0.2659,24.8449,21.0341
2018-05-31,-95.5058,35.3287,0.2850,27.3112,18.6773
2018-05-30,-50.2001,35.4053,0.3020,26.0280,20.3310
2018-05-29,-68.7410,35.4600,0.3053,28.7303,22.4418
2018-05-25,44.5881,35.4405,0.2865,15.5849,27.5337
2018-05-24,66.4258,35.2680,0.2437,16.7361,29.5675
2018-05-23,96.3989,35.0235,0.1886,14.2885,35.2852
2018-05-22,138.2726,34.7733,0.1283,11.3575,39.3608
2018-05-21,153.6936,34.4836,0.0632,12.5165,37.3700
2018-05-18,153.4470,34.1595,-0.0006,13.5501,35.2414
2018-05-17,114.0489,33.9015,-0.0545,15.1452,29.2310
2018-05-16,97.9899,33.6747,-0.1033,16.4077,27.8930
2018-05-15,85.6743,33.4751,-0.1473,18.1552,27.1830
2018-05-14,99.1596,33.3833,-0.1858,20.7095,27.2289
2018-05-11,143.4865,33.1565,-0.2307,21.7081,28.9464
2018-05-10,151.6823,32.9898,-0.2617,23.4273,26.5409
2018-05-09,119.3815,32.8464,-0.2778,25.1727,24.5358
2018-05-08,18.5200,32.8047,-0.2727,27.9337,20.1554
2018-05-07,-64.9160,32.8824,-0.2480,30.4231,14.8801
2018-05-04,-109.3721,33.0311,-0.2080,31.9275,14.2785
2018-05-03,-118.6129,33.4005,-0.1534,34.9725,16.2524
2018-05-02,-69.2475,33.6398,-0.1091,26.3099,18.7730
2018-05-01,-88.5258,33.8767,-0.0625,28.4208,16.6826
2018-04-30,-86.5672,34.1291,-0.0139,24.3044,17.6727
2018-04-27,-128.0404,34.3684,0.0328,25.7567,16.9047
2018-04-26,-165.2213,34.6360,0.0745,25.7215,17.7803
2018-04-25,-204.8518,34.9251,0.1019,26.3992,18.5975
2018-04-24,-47.4595,35.0580,0.0995,19.2126,21.1228
2018-04-23,31.2598,35.0095,0.0715,16.5620,23.9229
2018-04-20,139.6215,34.9000,0.0320,14.6764,26.3921
2018-04-19,155.3352,34.6922,-0.0145,17.0835,23.1883
2018-04-18,117.4452,34.6111,-0.0529,18.4994,20.9661
2018-04-17,82.2780,34.5240,-0.0954,19.9218,20.5125
2018-04-16,38.8225,34.3893,-0.1448,21.2145,17.3342
2018-04-13,50.7516,34.3051,-0.1978,22.5067,18.3900
2018-04-12,108.5992,34.0565,-0.2625,19.1230,21.1254
2018-04-11,67.2451,33.8711,-0.3180,20.8329,18.4370
2018-04-10,92.9392,33.7691,-0.3693,22.2619,18.7290
2018-04-09,91.5754,33.5805,-0.4245,23.7850,20.0105
2018-04-06,83.6942,33.4322,-0.4718,25.8709,19.2115
2018-04-05,201.7231,33.2669,-0.5099,22.0643,21.8883
2018-04-04,4.6823,33.1387,-0.5263,25.2792,11.4238
2018-04-03,-33.0160,33.3484,-0.5096,28.9115,7.9786
2018-04-02,-68.6482,33.5455,-0.4891,31.4497,8.6790
2018-03-29,-49.1152,33.6735,-0.4617,29.5811,10.0541
2018-03-28,-79.4707,33.8902,-0.4151,32.0851,10.9052
2018-03-27,-106.9958,34.3473,-0.3517,36.3205,12.4912
2018-03-26,-133.5760,34.6745,-0.2977,41.6977,10.8341
2018-03-23,-183.0797,35.1518,-0.2391,45.8551,11.9143
2018-03-22,-127.3130,35.5402,-0.1965,39.9125,14.0450
2018-03-21,-48.6237,35.7964,-0.1674,27.5688,16.9303
2018-03-20,-61.5105,35.9555,-0.1424,29.4510,15.8307
2018-03-19,-101.4749,36.1205,-0.1134,30.8561,14.2292
2018-03-16,-133.8495,36.3689,-0.0811,32.8441,15.1460
2018-03-15,-153.9832,36.6651,-0.0609,35.8658,16.5394
2018-03-14,5.5200,36.7576,-0.0721,25.2955,19.7299
2018-03-13,63.9579,36.6755,-0.1049,21.7946,22.6698
2018-03-12,89.3991,36.5327,-0.1432,21.1720,24.5842
2018-03-09,77.9072,36.4131,-0.1768,23.0186,23.5150
2018-03-08,20.5602,36.2855,-0.2014,24.8126,21.1169
2018-03-07,-47.1489,36.2864,-0.2086,27.0044,17.3115
2018-03-06,-59.7147,36.4273,-0.2052,28.9355,18.5495
2018-03-05,-90.9028,36.4771,-0.2057,31.7120,18.6696
2018-03-02,-205.4604,36.6622,-0.1998,34.8161,16.7037
2018-03-01,-182.5954,36.8996,-0.2040,28.8988,18.9995
2018-02-28,-9.1673,36.9536,-0.2322,25.7274,21.5655
2018-02-27,114.1507,36.8631,-0.2741,24.3805,24.2565
2018-02-26,123.7323,36.6955,-0.3175,27.8323,20.2214
2018-02-23,79.9558,36.5147,-0.3533,29.6468,18.9748
2018-02-22,35.1059,36.4842,-0.3768,32.2190,18.0077
2018-02-21,53.5351,36.4240,-0.3993,31.7759,19.2192
2018-02-20,26.4074,36.3827,-0.4139,34.6061,16.0593
2018-02-16,37.2931,36.3675,-0.4206,34.0505,16.8818
2018-02-15,6.3738,36.3824,-0.4160,35.7586,17.3326
2018-02-14,-35.6131,36.3882,-0.3928,38.2585,15.0276
2018-02-13,-67.4315,36.6893,-0.3354,42.0596,11.6577
2018-02-12,-76.8342,37.0431,-0.2636,44.4760,12.3275
2018-02-09,-139.9738,37.5871,-0.1767,49.6656,8.7537
2018-02-08,-141.4765,38.2089,-0.0942,47.5533,10.4554
2018-02-07,-91.3160,38.4836,-0.0343,36.8527,13.0720
2018-02-06,-176.8274,38.8138,0.0343,39.9574,10.8603
2018-02-05,-266.1617,39.4580,0.1059,38.0852,13.6368
2018-02-02,-143.8340,39.6989,0.1331,25.2069,17.5804
2018-02-01,-17.4031,39.6824,0.1376,22.8675,20.7843
2018-01-31,49.4893,39.6358,0.1363,16.6674,22.5244
2018-01-30,50.6947,39.5222,0.1274,18.0709,22.6615
2018-01-29,98.8940,39.3693,0.1132,13.2924,24.1836
2018-01-26,96.1572,39.1805,0.0979,14.0398,21.4697
2018-01-25,74.4784,39.0816,0.0899,15.2101,20.9657
2018-01-24,84.1572,38.9245,0.0838,16.1190,22.2186
2018-01-23,70.0245,38.7645,0.0914,17.3344,21.3117
2018-01-22,24.0363,38.6935,0.1230,18.8787,19.7683
2018-01-19,-78.1739,38.8747,0.1814,21.7297,14.7832
2018-01-18,-165.4399,39.1675,0.2454,26.7552,11.8102
2018-01-17,-166.6375,39.3707,0.2990,18.9134,14.0778
2018-01-16,-152.8279,39.6093,0.3430,20.1309,14.9841
2018-01-12,-58.6028,39.6055,0.3618,24.9602,18.5786
2018-01-11,85.7464,39.4736,0.3722,7.7507,26.0451
2018-01-10,91.6897,39.3716,0.3866,8.9571,27.6506
2018-01-09,82.6772,39.3022,0.4024,9.9780,26.9445
2018-01-08,90.5483,39.2122,0.4150,10.9264,28.9870
2018-01-05,158.2092,39.0815,0.4249,11.7583,31.6447
2018-01-04,210.7468,38.9173,0.4354,10.8173,34.4907
2018-01-03,118.7430,38.7747,0.4516,12.1668,27.3292
2018-01-02,70.4738,38.7215,0.4753,13.0585,26.4006
2017-12-29,75.6216,38.6522,0.4961,12.7854,28.3986
2017-12-28,95.9528,38.4831,0.5114,11.7492,30.8977
2017-12-27,60.8679,38.3485,0.5299,12.6452,28.9174
2017-12-26,84.5007,38.2105,0.5473,11.3895,30.6063
2017-12-22,91.3213,38.0515,0.5631,12.0214,30.9511
2017-12-21,98.4209,37.8969,0.5795,12.9520,32.1663
2017-12-20,87.9846,37.8022,0.5979,14.3220,34.0017
2017-12-19,166.1878,37.6580,0.6103,12.5807,37.1926
2017-12-18,256.9019,37.4127,0.6215,13.6722,40.4193
2017-12-15,-45.7379,37.3236,0.6498,17.1088,31.2494
2017-12-14,-19.0379,37.3104,0.6813,18.8373,30.6179
2017-12-13,-15.2479,37.3218,0.7035,20.6355,33.5407
2017-12-12,54.5834,37.2049,0.7034,12.6536,37.9867
2017-12-11,61.4787,36.9680,0.6853,13.5110,38.3923
2017-12-08,71.3804,36.6918,0.6527,14.2221,40.4132
2017-12-07,80.6585,36.2662,0.6011,15.4445,42.3810
2017-12-06,96.2462,35.9067,0.5447,16.6477,44.1002
2017-12-05,124.1273,35.5002,0.4736,15.9851,46.9826
2017-12-04,161.9567,34.9347,0.3924,17.3324,50.9424
2017-12-01,107.7411,34.4989,0.3286,22.0868,39.1182
2017-11-30,200.0719,34.1636,0.2780,15.5431,46.8579
2017-11-29,234.6949,33.8189,0.2378,18.0611,43.1089
2017-11-28,94.0714,33.5293,0.2170,21.4432,34.3437
2017-11-27,-7.8718,33.5335,0.2192,27.3999,23.7964
2017-11-24,40.6601,33.4658,0.2075,21.2651,26.2788
2017-11-22,65.8025,33.3198,0.1837,21.1151,27.7856
2017-11-21,79.7278,33.1135,0.1522,22.8010,30.0041
2017-11-20,139.5075,32.8855,0.1196,16.8848,33.4048
2017-11-17,167.5705,32.6509,0.0926,18.2539,31.5743
2017-11-16,169.4350,32.4949,0.0798,20.3315,32.2400
2017-11-15,-28.6656,32.3040,0.0803,25.2437,19.6835
2017-11-14,-10.5664,32.3864,0.1101,21.6977,23.0354
2017-11-13,-23.7118,32.4191,0.1407,23.3028,24.1846
2017-11-10,-87.9485,32.4973,0.1790,25.6981,22.0817
2017-11-09,-168.1140,32.5933,0.2201,27.2036,20.4024
2017-11-08,-229.5577,32.7409,0.2603,26.1418,22.7675
2017-11-07,-88.4427,32.8249,0.2871,20.4985,25.1530
2017-11-06,48.0274,32.8096,0.3006,14.3291,28.5142
2017-11-03,157.9563,32.7664,0.3089,12.9505,30.1585
2017-11-02,74.5549,32.7065,0.3163,13.9514,30.3500
2017-11-01,31.2612,32.6758,0.3285,15.7587,29.4353
2017-10-31,19.0267,32.6325,0.3398,16.7812,29.2625
2017-10-30,42.7724,32.6029,0.3483,16.5588,31.0061
2017-10-27,54.8152,32.4971,0.3481,18.0208,31.7982
2017-10-26,68.7132,32.3829,0.3446,16.9651,34.2922
2017-10-25,45.3181,32.2355,0.3333,18.3698,32.3192
2017-10-24,79.8790,32.1269,0.3155,16.2782,35.2369
2017-10-23,137.8636,31.9264,0.2824,12.7160,38.0426
2017-10-20,291.8235,31.6024,0.2438,11.0436,41.5775
2017-10-19,52.1715,31.2156,0.2230,15.4056,21.1686
2017-10-18,13.4989,31.2329,0.2465,18.1557,19.2910
2017-10-17,-49.0876,31.2764,0.2705,19.9663,21.2148
2017-10-16,-7.0766,31.2320,0.2915,21.5505,24.0354
2017-10-13,-157.0449,31.3000,0.3235,24.7265,20.5774
2017-10-12,-195.2252,31.4796,0.3522,26.9047,23.9993
2017-10-11,48.1418,31.4915,0.3538,13.6490,28.6931
2017-10-10,115.4615,31.4055,0.3415,12.2717,31.3977
2017-10-09,56.6215,31.3251,0.3239,13.4093,30.0763
2017-10-06,46.6926,31.2116,0.2956,14.5434,30.3582
2017-10-05,67.3129,31.0527,0.2547,15.8633,33.1133
2017-10-04,71.1065,30.8771,0.2006,15.4844,36.2991
2017-10-03,100.0719,30.5749,0.1288,14.0146,39.9273
2017-10-02,99.6882,30.2878,0.0552,15.2156,36.0697
2017-09-29,119.4654,30.0160,-0.0194,16.8042,37.8207
2017-09-28,175.1265,29.6929,-0.0940,18.1830,40.9240
2017-09-27,223.5587,29.3929,-0.1560,19.9440,40.5733
2017-09-26,174.0031,29.1949,-0.1970,24.8463,27.9402
2017-09-25,156.6612,29.1067,-0.2197,27.4296,27.7064
2017-09-22,72.4022,29.0562,-0.2309,30.4987,23.3471
2017-09-21,-57.0522,29.0905,-0.2313,34.4555,18.1927
2017-09-20,-11.8321,29.1176,-0.2325,33.2446,19.5466
2017-09-19,4.6710,29.1238,-0.2323,32.7210,20.8748
2017-09-18,-20.7037,29.1393,-0.2248,35.2518,19.2517
2017-09-15,-68.2646,29.2178,-0.2044,37.3691,18.8635
2017-09-14,-71.7117,29.4336,-0.1726,38.5965,21.3348
2017-09-13,-42.9069,29.5373,-0.1467,34.3710,24.2298
2017-09-12,-59.7838,29.6589,-0.1121,36.6062,25.8038
2017-09-11,-104.2592,29.7876,-0.0694,39.3969,24.1258
2017-09-08,-205.3805,30.0438,-0.0160,44.7362,19.0944
2017-09-07,-189.3881,30.3684,0.0285,39.6019,21.4910
2017-09-06,-106.2016,30.4475,0.0427,29.2672,25.6270
2017-09-05,-102.0299,30.5227,0.0492,31.3732,27.4711
2017-09-01,143.8251,30.4689,0.0428,19.9062,33.7937
2017-08-31,147.0747,30.3898,0.0379,21.1612,33.7600
2017-08-30,75.4789,30.3244,0.0399,22.2941,32.7122
2017-08-29,-110.1563,30.4002,0.0525,25.1635,26.7709
2017-08-28,-18.5342,30.5027,0.0603,20.6482,29.1487
2017-08-25,47.8559,30.4555,0.0567,18.0007,32.1279
2017-08-24,40.9940,30.4247,0.0587,19.2525,31.8179
2017-08-23,27.9720,30.3936,0.0638,20.5047,31.7735
2017-08-22,17.7930,30.4204,0.0728,21.9157,32.3178
2017-08-21,-5.5382,30.4216,0.0777,23.4507,32.0961
2017-08-18,-15.7264,30.4625,0.0801,24.6187,33.6948
2017-08-17,20.2227,30.4867,0.0699,23.9114,35.9020
2017-08-16,128.9462,30.3696,0.0423,16.1611,40.1421
2017-08-15,131.7796,30.0755,0.0129,18.0832,37.3101
2017-08-14,-50.7094,29.9124,0.0145,22.2004,31.5940
2017-08-11,-185.5750,30.0158,0.0451,25.7402,23.7959
2017-08-10,-196.3014,30.1638,0.0725,27.4541,25.3802
2017-08-09,34.5008,30.1885,0.0842,13.3512,31.0210
2017-08-08,160.7749,30.1495,0.0927,11.1674,34.0667
2017-08-07,-11.0830,30.1475,0.1102,13.2986,24.6054
2017-08-04,-72.2975,30.2458,0.1371,15.1049,24.3922
2017-08-03,-75.0103,30.3155,0.1612,16.5140,26.6677
2017-08-02,-61.5286,30.4255,0.1886,18.3181,25.7305
2017-08-01,-32.4392,30.5213,0.2094,18.7352,27.5275
2017-07-31,6.0537,30.4900,0.2179,17.1604,31.1483
2017-07-28,-16.9913,30.5318,0.2266,18.7617,30.4260
2017-07-27,26.5782,30.5311,0.2196,15.5376,32.9914
2017-07-26,70.9262,30.4325,0.1922,10.1705,35.7299
2017-07-25,114.9057,30.2109,0.1495,8.1859,38.9571
2017-07-24,155.2323,29.9725,0.1055,8.8127,40.6900
2017-07-21,321.0219,29.7464,0.0650,9.6102,44.3722
2017-07-20,50.9814,29.3593,0.0316,14.2829,21.6329
2017-07-19,34.1135,29.3555,0.0433,15.8973,21.4065
2017-07-18,-28.3805,29.3593,0.0585,17.0652,22.0856
2017-07-17,16.8332,29.3782,0.0793,17.6889,24.1577
2017-07-14,-33.6730,29.3935,0.1070,19.8740,22.9913
2017-07-13,-33.8256,29.4887,0.1455,19.1661,25.6108
2017-07-12,-97.6141,29.5815,0.1865,21.0218,21.1467
2017-07-11,-171.9395,29.7060,0.2293,22.8741,19.3706
2017-07-10,-131.2925,29.8175,0.2664,19.1493,20.6523
2017-07-07,-7.6824,29.8329,0.2919,15.5172,22.9913
2017-07-06,-43.8413,29.8725,0.3141,16.7978,24.1712
2017-07-05,78.0586,29.8585,0.3248,10.3868,26.3404
2017-07-03,162.3004,29.7633,0.3263,7.6947,28.7043
2017-06-30,86.9904,29.6773,0.3284,8.4134,24.4223
2017-06-29,127.1276,29.6364,0.3308,9.0946,26.3995
2017-06-28,178.9970,29.4869,0.3263,11.1202,24.2793
2017-06-27,90.9709,29.4271,0.3320,12.4667,21.7154
2017-06-26,68.5819,29.3360,0.3368,13.3013,21.7598
2017-06-23,-32.0815,29.3680,0.3459,15.0964,21.0976
2017-06-22,54.0716,29.3080,0.3376,11.1409,23.7085
2017-06-21,101.4448,29.2200,0.3204,11.6103,26.2924
2017-06-20,118.6613,29.1358,0.2965,10.5138,29.0939
2017-06-19,101.3382,29.0302,0.2633,11.3350,26.0128
2017-06-16,103.7781,28.8733,0.2200,11.9896,27.3479
2017-06-15,107.6311,28.6731,0.1711,12.7570,29.0983
2017-06-14,79.7473,28.5240,0.1221,14.1645,26.8722
2017-06-13,70.6866,28.3767,0.0638,15.7512,26.1217
2017-06-12,74.9586,28.1964,-0.0078,17.3919,27.4909
2017-06-09,94.8023,28.0095,-0.0901,17.5343,29.9329
2017-06-08,139.1111,27.7469,-0.1835,17.0944,31.9973
2017-06-07,201.5807,27.4660,-0.2746,18.6276,34.0586
2017-06-06,183.4504,27.2260,-0.3531,21.1303,27.5259
2017-06-05,167.4275,27.1076,-0.4142,24.1855,25.6403
2017-06-02,99.9050,27.0640,-0.4674,27.9408,23.2592
2017-06-01,59.0416,27.0776,-0.5167,31.0401,22.6240
2017-05-31,-34.7542,27.0751,-0.5710,34.1532,20.5948
2017-05-30,76.1194,27.0547,-0.6307,28.0861,23.4890
2017-05-26,145.4545,26.9864,-0.6929,29.0758,25.1735
2017-05-25,97.7228,26.9409,-0.7490,31.6825,23.7207
2017-05-24,5.1235,26.9409,-0.7988,35.0465,20.0840
2017-05-23,-18.6447,26.9898,-0.8445,36.6187,20.9849
2017-05-22,-31.4738,27.0302,-0.8893,38.2632,21.9274
2017-05-19,-7.6922,27.0991,-0.9277,38.2192,22.9682
2017-05-18,-72.3670,27.0513,-0.9578,45.0916,12.8628
2017-05-17,-95.4188,27.2882,-0.9511,47.2040,12.2461
2017-05-16,-76.4597,27.6109,-0.9364,43.2236,13.3150
2017-05-15,-92.0847,27.7616,-0.9262,45.5400,14.0286
2017-05-12,-177.9966,28.0162,-0.8991,50.2529,8.7423
2017-05-11,-186.1886,28.2760,-0.8696,48.7463,9.6914
2017-05-10,-76.8003,28.4844,-0.8471,42.5139,11.0531
2017-05-09,-51.1082,28.7349,-0.8193,40.7627,11.6100
2017-05-08,-47.1937,29.0118,-0.7824,39.4345,12.2540
2017-05-05,-47.4353,29.3673,-0.7282,40.1240,12.6888
2017-05-04,-58.1718,29.7653,-0.6535,43.4111,11.0633
2017-05-03,-70.0357,30.2547,-0.5514,45.1770,11.5133
2017-05-02,-100.9673,30.8558,-0.4225,47.8019,9.9814
2017-05-01,-168.9640,31.6651,-0.2750,53.0568,8.3524
2017-04-28,-330.6462,32.5513,-0.1414,59.4183,9.4100
2017-04-27,-17.9262,33.6187,-0.0552,24.7167,17.6308
2017-04-26,-3.3151,33.5949,-0.0858,26.2816,18.7472
2017-04-25,104.6175,33.4969,-0.1308,16.0167,22.0951
2017-04-24,155.6187,33.2971,-0.1864,16.9608,24.4459
2017-04-21,123.2039,33.0529,-0.2389,19.5556,20.7730
2017-04-20,203.3419,32.8933,-0.2762,21.2870,22.7776
2017-04-19,10.8839,32.8340,-0.2995,24.7950,13.8061
2017-04-18,-55.7169,32.8315,-0.3116,26.2608,12.0545
2017-04-17,-74.5538,32.9042,-0.3133,28.2583,12.5949
2017-04-13,-113.4827,33.0835,-0.3072,30.1438,14.0415
2017-04-12,-83.9255,33.2364,-0.3038,27.8695,15.3347
2017-04-11,-125.4560,33.3769,-0.3007,29.9517,14.8669
2017-04-10,-111.4698,33.5713,-0.2971,25.5077,16.7459
2017-04-07,-76.1660,33.6384,-0.3048,27.0955,18.3056
2017-04-06,-64.7517,33.7582,-0.3147,28.1230,19.7032
2017-04-05,-7.9881,33.8260,-0.3375,27.9381,21.4301
2017-04-04,26.8111,33.6858,-0.3747,32.8375,18.7198
2017-04-03,51.6120,33.6804,-0.4044,34.3018,19.5546
2017-03-31,97.4289,33.5282,-0.4405,28.3212,23.1102
2017-03-30,62.8870,33.4353,-0.4600,29.8871,24.3879
2017-03-29,-9.4978,33.4640,-0.4568,33.1675,18.1339
2017-03-28,-44.5513,33.5689,-0.4318,34.7893,18.6345
2017-03-27,-97.5059,33.8782,-0.3813,40.9573,9.2549
2017-03-24,-79.5550,34.2893,-0.3221,35.9870,10.6541
2017-03-23,-97.0586,34.5698,-0.2666,39.2842,11.6303
2017-03-22,-159.6414,34.9913,-0.1999,44.1990,9.0088
2017-03-21,-210.9354,35.4982,-0.1408,44.2586,10.3888
2017-03-20,-236.2929,35.7556,-0.1118,35.0186,13.0650
2017-03-17,-203.4335,35.9007,-0.0983,29.4874,15.3724
2017-03-16,17.4663,35.9307,-0.0959,19.1056,18.1419
2017-03-15,-0.5668,35.9256,-0.0953,20.4015,19.3725
2017-03-14,-38.9327,35.9378,-0.0907,22.1833,17.5709
2017-03-13,-16.0372,36.0195,-0.0802,22.3574,18.7029
2017-03-10,-20.9089,36.0667,-0.0697,23.0135,20.0625
2017-03-09,-45.4524,36.1007,-0.0547,24.5102,20.5931
2017-03-08,-71.0023,36.1809,-0.0318,26.2283,21.2909
2017-03-07,-124.6645,36.2773,-0.0036,28.1151,20.5190
2017-03-06,-164.5046,36.4616,0.0290,30.3977,20.3663
2017-03-03,-144.7779,36.6184,0.0543,28.3426,22.4294
2017-03-02,-99.1938,36.7804,0.0697,27.0944,23.8597
2017-03-01,62.8421,36.7724,0.0680,20.1961,27.3227
2017-02-28,-111.8592,36.6998,0.0656,23.6156,23.8564
2017-02-27,-44.6177,36.6956,0.0721,24.8582,28.2100
2017-02-24,-98.6440,36.7447,0.0821,28.8846,25.0814
2017-02-23,-33.4114,36.8316,0.0896,28.5757,27.1166
2017-02-22,21.8695,36.7898,0.0849,27.3856,29.7947
2017-02-21,69.6837,36.7980,0.0777,24.6166,31.9704
2017-02-17,-8.4851,36.6960,0.0602,27.0073,26.5407
2017-02-16,66.2872,36.6789,0.0430,22.8585,29.6638
2017-02-15,174.0835,36.5227,0.0139,16.1957,32.9079
2017-02-14,186.7729,36.3180,-0.0134,17.5496,30.6144
2017-02-13,110.8612,36.2345,-0.0286,19.7531,25.5524
2017-02-10,72.1604,36.1878,-0.0406,21.3523,27.6211
2017-02-09,29.6746,36.0858,-0.0514,23.2872,27.2661
2017-02-08,-116.3886,36.1509,-0.0495,26.3076,20.6675
2017-02-07,20.8030,36.2162,-0.0526,20.6755,22.5992
2017-02-06,60.9579,36.1311,-0.0633,23.0483,21.9738
2017-02-03,48.5027,36.1129,-0.0637,24.2391,23.1090
2017-02-02,-201.4631,36.1498,-0.0579,29.0745,14.4911
2017-02-01,-4.2088,36.2489,-0.0514,22.4724,16.1776
2017-01-31,-41.1985,36.2667,-0.0545,24.9216,17.2955
2017-01-30,61.4180,36.2373,-0.0627,22.0127,19.7853
2017-01-27,121.4668,36.1785,-0.0722,18.9481,21.5930
2017-01-26,115.1877,36.0665,-0.0786,20.1026,21.6623
2017-01-25,9.3110,36.0907,-0.0721,22.3908,21.2824
2017-01-24,-2.8122,36.0593,-0.0640,22.8979,23.4666
2017-01-23,-41.6885,36.1213,-0.0440,24.7381,25.3524
2017-01-20,-0.4051,36.1916,-0.0188,24.4373,28.3610
2017-01-19,-80.7776,36.3016,0.0134,28.7665,23.2417
2017-01-18,-106.1957,36.4396,0.0515,31.0847,22.0580
2017-01-17,-135.4729,36.6260,0.0939,31.5419,24.3408
2017-01-13,-56.2331,36.7565,0.1329,25.9752,27.5967
2017-01-12,-114.7553,36.8444,0.1697,28.7637,21.6485
2017-01-11,-91.0092,36.9815,0.2053,30.9794,23.9470
2017-01-10,36.4886,37.0062,0.2293,21.0255,28.6260
2017-01-09,-5.3448,36.9869,0.2501,23.4524,25.6685
2017-01-06,63.4887,36.9929,0.2710,20.2404,27.9868
2017-01-05,33.7445,36.9702,0.2877,21.9993,30.4188
2017-01-04,175.3508,36.8329,0.3026,15.3494,37.9967
2017-01-03,41.1419,36.7478,0.3325,17.9695,29.3001
2016-12-30,-127.4510,36.7689,0.3775,20.8696,21.2971
2016-12-29,-183.1870,36.9051,0.4299,22.2330,22.6886
2016-12-28,-72.9020,36.9864,0.4722,20.2151,25.6224
2016-12-27,69.2468,36.9269,0.5019,10.3577,29.8471
2016-12-23,44.5326,36.8442,0.5299,10.8216,27.5664
2016-12-22,54.5271,36.8147,0.5580,11.3495,28.9111
2016-12-21,114.0044,36.7176,0.5774,7.7389,30.8525
2016-12-20,132.7300,36.5445,0.5935,8.1514,31.7566
2016-12-19,92.6612,36.3844,0.6143,8.6224,29.3635
2016-12-16,104.7753,36.2820,0.6393,9.0771,31.1410
2016-12-15,102.6661,36.0480,0.6593,9.7690,33.5148
2016-12-14,31.2212,35.9362,0.6912,11.3534,29.2738
2016-12-13,53.2757,35.8447,0.7205,12.6749,32.2704
2016-12-12,72.5385,35.6864,0.7387,11.0684,35.8491
2016-12-09,124.0550,35.4340,0.7467,6.6099,40.2091
2016-12-08,167.7020,35.1371,0.7546,7.0953,43.1619
2016-12-07,151.0024,34.8460,0.7732,7.7333,40.4954
2016-12-06,132.6708,34.7205,0.8088,9.1202,39.8328
2016-12-05,111.5588,34.5596,0.8434,10.1135,41.6737
2016-12-02,62.6910,34.4504,0.8815,11.6062,41.8061
2016-12-01,126.2957,34.2644,0.9150,11.0416,45.5991
2016-11-30,68.6300,34.1165,0.9520,12.4437,40.2606
2016-11-29,20.2381,34.0476,0.9873,14.0087,37.9516
2016-11-28,43.3216,33.9809,1.0073,14.6971,39.8164
2016-11-25,143.7212,33.7809,1.0019,4.6523,44.8278
2016-11-23,146.7562,33.4076,0.9788,4.8770,46.9920
2016-11-22,91.8302,33.1225,0.9583,5.5929,44.5976
2016-11-21,71.2614,32.7765,0.9219,6.1195,42.4311
2016-11-18,74.5031,32.3633,0.8681,6.5579,43.4239
2016-11-17,72.0709,31.8967,0.7989,6.9840,43.5483
2016-11-16,74.6444,31.4711,0.7151,7.8893,46.3267
2016-11-15,108.4836,30.9176,0.6036,7.6623,50.7689
2016-11-14,161.6781,30.1758,0.4791,7.3200,57.6588
2016-11-11,180.3450,29.5271,0.3812,8.6159,51.8931
2016-11-10,246.8124,29.0744,0.3216,10.0766,48.5011
2016-11-09,207.9623,28.7524,0.2952,12.4661,37.5373
2016-11-08,6.8966,28.7129,0.3029,16.0780,24.8722
2016-11-07,85.7566,28.6815,0.3118,13.9429,28.1268
2016-11-04,-130.6306,28.6553,0.3226,16.3736,22.9987
2016-11-03,-126.7635,28.7238,0.3359,18.2984,23.3512
2016-11-02,2.5086,28.7264,0.3327,13.9957,25.1232
2016-11-01,31.8103,28.6795,0.3123,15.1046,27.1138
2016-10-31,56.6580,28.5556,0.2705,12.7254,30.5600
2016-10-28,83.7413,28.2895,0.2086,10.8424,34.7716
2016-10-27,91.6085,28.0271,0.1441,12.0115,34.7041
2016-10-26,90.9592,27.7511,0.0775,12.9573,32.6195
2016-10-25,124.5281,27.5242,0.0123,11.4621,36.0456
2016-10-24,197.5266,27.1991,-0.0576,12.3643,38.8830
2016-10-21,256.2746,26.9053,-0.1108,14.1662,32.7433
2016-10-20,180.1619,26.6956,-0.1389,17.8761,20.1582
2016-10-19,61.9182,26.6496,-0.1399,19.4533,16.6019
2016-10-18,-30.3848,26.7140,-0.1260,21.7869,12.3887
2016-10-17,-60.7751,26.7576,-0.1094,23.4923,13.3584
2016-10-14,-42.0174,26.8373,-0.0834,22.8267,14.4834
2016-10-13,-103.5461,26.9385,-0.0490,25.3764,8.0670
2016-10-12,-107.9623,27.1284,-0.0062,21.2017,8.7456
2016-10-11,-125.6868,27.3076,0.0310,21.0147,9.0735
2016-10-10,-159.0334,27.4529,0.0598,22.4003,9.6718
2016-10-07,-183.6257,27.5658,0.0784,23.7616,10.5499
2016-10-06,-113.1371,27.6520,0.0841,19.8165,12.2778
2016-10-05,66.0144,27.5893,0.0730,16.8783,14.6042
2016-10-04,1.9209,27.6002,0.0642,19.2645,14.7322
2016-10-03,78.0466,27.5476,0.0436,17.3333,16.5495
2016-09-30,127.3515,27.4549,0.0175,19.4593,18.2826
2016-09-29,38.9988,27.3862,-0.0083,22.4353,16.4598
2016-09-28,135.2381,27.2736,-0.0376,14.2944,19.6122
2016-09-27,133.4432,27.1340,-0.0631,15.4087,19.1121
2016-09-26,88.2134,27.0911,-0.0765,17.7059,16.6607
2016-09-23,165.4838,27.0615,-0.0885,13.3779,18.9811
2016-09-22,151.2881,26.9987,-0.1014,14.7288,16.6342
2016-09-21,-1.8775,26.9749,-0.1075,16.7983,11.3703
2016-09-20,-43.5838,26.9989,-0.1083,17.7337,12.6267
2016-09-19,-30.8604,26.9858,-0.1088,17.1546,13.8302
2016-09-16,-78.4354,27.0205,-0.0996,18.1558,10.5303
2016-09-15,-73.8631,27.1058,-0.0823,19.6052,11.3709
2016-09-14,-126.8208,27.2175,-0.0614,21.8805,8.6814
2016-09-13,-160.0342,27.3460,-0.0417,23.8262,9.4533
2016-09-12,-77.8589,27.4067,-0.0296,25.1542,11.3049
2016-09-09,-62.9075,27.5278,-0.0192,24.0483,13.4945
2016-09-08,5.4188,27.5487,-0.0259,19.6951,16.0917
2016-09-07,61.7758,27.5120,-0.0418,20.6000,18.3362
2016-09-06,75.2904,27.4962,-0.0607,18.0796,20.7437
2016-09-02,124.5758,27.4204,-0.0874,18.5076,22.2746
2016-09-01,161.7522,27.3156,-0.1131,20.0243,24.1001
2016-08-31,192.2890,27.2084,-0.1303,23.2725,23.5255
2016-08-30,19.6624,27.1956,-0.1318,27.2888,14.5030
2016-08-29,-60.8108,27.2009,-0.1266,29.6267,13.5697
2016-08-26,-176.8595,27.2773,-0.1136,33.1118,11.3360
2016-08-25,-144.0455,27.3327,-0.1018,29.4699,13.1115
2016-08-24,-85.9107,27.3991,-0.0893,27.4822,14.2037
2016-08-23,-51.2719,27.4324,-0.0787,25.1210,15.8692
2016-08-22,-92.3333,27.4587,-0.0649,26.6618,13.6424
2016-08-19,-92.3585,27.5135,-0.0445,28.3637,14.5132
2016-08-18,-115.1786,27.6249,-0.0184,31.1560,13.6702
2016-08-17,-123.9204,27.7056,0.0058,31.3909,14.4585
2016-08-16,-125.1436,27.8022,0.0310,31.4344,15.2674
2016-08-15,-10.8014,27.8431,0.0511,25.6404,16.9383
2016-08-12,-81.1352,27.8447,0.0720,27.2628,16.0464
2016-08-11,-82.3784,27.9285,0.1001,25.3390,18.1896
2016-08-10,-106.4200,27.9733,0.1217,27.1912,19.5191
2016-08-09,-16.2413,28.0011,0.1388,22.7904,21.3808
2016-08-08,70.6901,27.9867,0.1506,20.2284,22.6785
2016-08-05,117.6347,27.9211,0.1619,18.8791,24.7272
2016-08-04,-32.4289,27.8685,0.1833,20.7720,20.3254
2016-08-03,-105.4008,27.8898,0.2199,22.0602,20.8342
2016-08-02,-211.0013,28.0258,0.2652,25.0225,23.6319
2016-08-01,-66.2841,28.0776,0.3005,17.6030,27.0935
2016-07-29,-140.5622,28.1367,0.3347,18.9173,25.6703
2016-07-28,-122.9723,28.2095,0.3656,17.8067,27.2678
2016-07-27,-96.9900,28.2593,0.3879,18.7812,28.7601
2016-07-26,-5.9686,28.3213,0.4019,17.6793,30.5009
2016-07-25,-21.2801,28.3536,0.4001,19.1050,31.1864
2016-07-22,98.6714,28.3385,0.3801,20.4084,33.3141
2016-07-21,20.9970,28.2449,0.3418,23.4898,31.5979
2016-07-20,55.4905,28.2020,0.2932,19.8572,36.3238
2016-07-19,61.1374,28.0147,0.2147,21.7434,37.0718
2016-07-18,73.3423,27.8189,0.1160,22.8021,38.8768
2016-07-15,67.5116,27.5184,-0.0112,24.9544,36.7612
2016-07-14,93.9541,27.1898,-0.1576,22.9315,39.4070
2016-07-13,98.4648,26.7318,-0.3229,24.8002,35.7559
2016-07-12,131.9453,26.3131,-0.4866,23.9887,38.4790
2016-07-11,162.2949,25.8180,-0.6517,25.5150,36.0228
2016-07-08,215.7519,25.3675,-0.7975,27.0306,34.3711
2016-07-07,105.8127,24.9276,-0.9143,32.4132,22.1207
2016-07-06,33.9211,24.8489,-0.9794,35.7967,16.0246
2016-07-05,20.6707,24.8762,-1.0286,36.3983,17.3589
2016-07-01,27.8630,24.8187,-1.0718,37.1480,18.1921
2016-06-30,-7.7872,24.8000,-1.0878,38.8023,16.7756
2016-06-29,-53.3173,24.8515,-1.0690,42.5250,13.2990
2016-06-28,-135.2107,25.0924,-1.0115,46.9718,5.6117
2016-06-27,-234.1802,25.5178,-0.9331,50.5812,6.0430
2016-06-24,-100.0389,25.9516,-0.8544,43.6298,7.0211
2016-06-23,-50.3469,26.3789,-0.7732,39.7074,8.2794
2016-06-22,-58.9741,26.7633,-0.6828,42.2449,8.8085
2016-06-21,-63.0569,27.2473,-0.5665,45.5864,9.5898
2016-06-20,-81.5149,27.8536,-0.4253,49.4574,7.9133
2016-06-17,-99.0151,28.4838,-0.2701,50.4586,8.5305
2016-06-16,-130.3046,29.2131,-0.1041,52.4923,8.9092
2016-06-15,-179.1998,29.9844,0.0521,53.9367,9.7223
2016-06-14,-321.5929,30.7949,0.1747,60.8196,10.9630
2016-06-13,-130.2677,31.1404,0.2259,27.8386,20.3840
2016-06-10,-88.1441,31.2375,0.2396,26.2688,22.0594
2016-06-09,76.5243,31.2482,0.2354,20.0216,25.0035
2016-06-08,195.6737,31.1209,0.2175,15.8459,28.2684
2016-06-07,118.7850,30.9884,0.2027,16.8492,27.8922
2016-06-06,35.4578,30.9189,0.1940,20.2137,19.9696
2016-06-03,8.3572,30.9060,0.1827,21.5761,21.3155
2016-06-02,77.0991,30.8393,0.1565,13.9313,25.3818
2016-06-01,88.1406,30.6765,0.1166,14.9399,27.2193
2016-05-31,118.6056,30.4891,0.0718,11.8430,29.9674
2016-05-27,132.8342,30.2173,0.0229,12.5641,29.4243
2016-05-26,131.6483,29.9835,-0.0162,13.5410,27.4471
2016-05-25,163.5138,29.8073,-0.0448,14.8091,29.9367
2016-05-24,108.8377,29.6680,-0.0632,16.4196,24.5727
2016-05-23,10.9506,29.6082,-0.0683,18.0129,20.4350
2016-05-20,45.1527,29.5947,-0.0646,15.3805,22.2161
2016-05-19,34.3452,29.5271,-0.0545,16.8692,22.5228
2016-05-18,12.2302,29.4998,-0.0254,18.5917,22.9176
2016-05-17,-92.5007,29.6069,0.0266,21.2598,19.5250
2016-05-16,-146.8698,29.8413,0.0905,24.6285,16.4213
2016-05-13,-147.8950,30.0618,0.1487,25.5836,17.4758
2016-05-12,-116.5870,30.2640,0.1972,22.5978,19.3890
2016-05-11,-65.7447,30.3064,0.2308,16.5545,22.2372
2016-05-10,-17.8208,30.3356,0.2680,16.0605,24.5957
2016-05-09,-89.7605,30.4271,0.3137,17.9854,21.6319
2016-05-06,-144.1498,30.5138,0.3599,19.2629,19.7339
2016-05-05,-167.6797,30.6927,0.4052,16.6248,21.6005
2016-05-04,-98.8225,30.7644,0.4278,13.0771,23.7000
2016-05-03,66.4633,30.7338,0.4326,7.1746,27.2366
2016-05-02,128.1268,30.6289,0.4267,7.0212,30.2280
2016-04-29,34.1490,30.5264,0.4160,8.0174,27.2612
2016-04-28,72.4479,30.3967,0.3951,5.4643,30.4173
2016-04-27,77.2661,30.2631,0.3637,6.1148,32.5707
2016-04-26,97.3949,29.9847,0.3169,6.6945,35.6586
2016-04-25,82.1531,29.7587,0.2735,7.5212,35.0250
2016-04-22,108.2377,29.5107,0.2265,8.3788,39.0189
2016-04-21,140.1433,29.3040,0.1789,10.0958,39.0652
2016-04-20,176.7459,28.9580,0.1238,10.8924,42.1477
2016-04-19,142.5846,28.7020,0.0873,12.7414,33.2301
2016-04-18,91.9414,28.5698,0.0674,14.4834,25.0254
2016-04-15,93.2367,28.5164,0.0534,15.2132,26.9043
2016-04-14,91.2966,28.3635,0.0380,16.8989,27.3833
2016-04-13,49.2502,28.2920,0.0418,18.2490,24.0132
2016-04-12,-79.8427,28.2998,0.0615,20.7830,15.2420
2016-04-11,-98.1535,28.3875,0.0911,22.0728,16.3136
2016-04-08,-113.2526,28.4669,0.1192,24.1203,17.8269
2016-04-07,-122.1246,28.5809,0.1442,26.1309,19.8116
2016-04-06,-23.9591,28.6033,0.1547,24.4246,22.7471
2016-04-05,9.8704,28.6129,0.1589,22.0371,25.0240
2016-04-04,144.7446,28.5969,0.1552,16.3386,27.4548
2016-04-01,262.5506,28.4487,0.1441,17.6956,29.7351
2016-03-31,53.7394,28.3951,0.1477,20.7696,21.9156
2016-03-30,45.8255,28.3718,0.1551,20.2607,24.5523
2016-03-29,2.3564,28.3125,0.1604,21.9943,21.2081
2016-03-28,26.5154,28.3109,0.1690,18.7163,23.1139
2016-03-24,17.1275,28.2571,0.1729,19.6819,24.3064
2016-03-23,47.3861,28.2524,0.1795,18.2327,26.1311
2016-03-22,61.7632,28.1651,0.1796,19.5876,26.4215
2016-03-21,109.2179,28.0905,0.1848,19.9632,28.5009
2016-03-18,76.3898,28.0331,0.1971,21.5764,27.1181
2016-03-17,-43.8013,28.0078,0.2189,23.1730,23.7805
2016-03-16,-97.1454,28.1124,0.2517,26.5826,21.2667
2016-03-15,-76.7464,28.2124,0.2755,25.9147,22.4531
2016-03-14,63.8093,28.2031,0.2832,20.1336,25.1286
2016-03-11,93.7795,28.0942,0.2835,21.7076,27.0931
2016-03-10,-29.4976,28.0711,0.2924,24.7516,22.3977
2016-03-09,-30.4625,28.1080,0.2992,24.5838,25.2125
2016-03-08,6.2598,28.1255,0.2903,24.9491,26.9340
2016-03-07,77.4057,28.0505,0.2591,24.2967,30.0610
2016-03-04,155.4634,27.9393,0.2136,20.5054,32.7477
2016-03-03,152.7171,27.7327,0.1588,22.1005,31.2802
2016-03-02,124.6235,27.5765,0.1105,23.8367,30.0837
2016-03-01,9.9337,27.4984,0.0641,26.2540,22.9934
2016-02-29,20.8850,27.4747,0.0072,27.1637,25.0334
2016-02-26,87.0672,27.2884,-0.0775,25.1355,28.1248
2016-02-25,91.2279,27.0153,-0.1747,27.7824,26.9813
2016-02-24,84.0484,26.7438,-0.2753,29.3044,27.1040
2016-02-23,103.1838,26.5162,-0.3787,28.7261,30.4817
2016-02-22,144.7428,26.1407,-0.4956,27.3151,32.9206
2016-02-19,109.7055,25.6944,-0.6010,31.1467,25.6778
2016-02-18,99.2850,25.5055,-0.6665,33.5208,25.0943
2016-02-17,100.7048,25.3804,-0.7139,34.8502,26.9281
2016-02-16,32.8732,25.2596,-0.7396,37.6324,21.8203
2016-02-12,-41.3184,25.3040,-0.7238,40.8330,15.2725
2016-02-11,-98.1887,25.5616,-0.6685,44.3928,11.3534
2016-02-10,-66.7902,26.0067,-0.5900,37.7949,12.8031
2016-02-09,-102.2279,26.3493,-0.5114,41.1054,8.7085
2016-02-08,-146.2713,26.9342,-0.4150,46.1772,7.4944
2016-02-05,-140.0305,27.4664,-0.3404,42.3802,8.3423
2016-02-04,-144.9364,27.8051,-0.2939,38.7643,9.6797
2016-02-03,-207.4592,28.1831,-0.2570,40.9108,10.2157
2016-02-02,-117.0852,28.4247,-0.2492,31.9495,12.3607
2016-02-01,11.2999,28.4422,-0.2686,26.4981,14.4631
2016-01-29,-18.8976,28.4053,-0.2921,28.4429,13.6623
2016-01-28,1.7585,28.4133,-0.3148,28.7123,15.3923
2016-01-27,55.6666,28.3780,-0.3468,24.9584,17.6104
2016-01-26,55.8305,28.3429,-0.3802,27.0162,17.9482
2016-01-25,63.7567,28.3240,-0.4129,27.9989,19.0972
2016-01-22,99.1248,28.2065,-0.4447,26.7511,20.8163
2016-01-21,-52.5064,28.0522,-0.4535,31.8879,11.4505
2016-01-20,-94.6749,28.2435,-0.4164,35.2747,8.8655
2016-01-19,-73.6809,28.5313,-0.3679,31.6867,10.0945
2016-01-15,-136.0800,28.7751,-0.3201,33.7578,5.9757
2016-01-14,-157.6133,29.1347,-0.2682,38.2590,6.7725
2016-01-13,-122.8466,29.5213,-0.2329,32.2610,8.4835
2016-01-12,-96.4984,29.5158,-0.2299,28.8638,11.5944
2016-01-11,-152.0545,29.6733,-0.2086,31.9463,10.3562
2016-01-08,-147.2597,29.8685,-0.1873,28.1195,11.5285
2016-01-07,-158.8876,30.0173,-0.1733,27.9558,12.8662
2016-01-06,-110.7384,30.1555,-0.1642,24.2920,14.7237
2016-01-05,-71.6237,30.2251,-0.1630,26.7225,16.1969
2016-01-04,-93.1129,30.2916,-0.1653,30.3195,13.9983
2015-12-31,39.5012,30.3465,-0.1748,23.3157,16.4751
2015-12-30,77.9946,30.3631,-0.1929,19.8394,17.9456
2015-12-29,106.2353,30.2818,-0.2175,20.6859,18.7113
2015-12-28,39.4236,30.2347,-0.2356,22.4068,16.8786
2015-12-24,122.7499,30.1995,-0.2490,20.9473,18.1359
2015-12-23,44.0954,30.1576,-0.2560,22.1737,16.8913
2015-12-22,-18.6891,30.1475,-0.2507,24.0809,15.2922
2015-12-21,-79.9028,30.2335,-0.2295,26.0662,12.7687
2015-12-18,-108.7515,30.4211,-0.1997,27.9350,12.9020
2015-12-17,-51.5419,30.5935,-0.1727,22.0138,13.9849
2015-12-16,-49.0901,30.6504,-0.1496,24.0808,14.4216
2015-12-15,-104.7808,30.7909,-0.1123,26.2713,10.3863
2015-12-14,-159.2330,31.0427,-0.0651,28.0230,11.0788
2015-12-11,-169.2126,31.2951,-0.0222,25.5773,12.4470
2015-12-10,-99.6247,31.4698,0.0102,19.0260,14.3503
2015-12-09,-162.0412,31.6489,0.0366,20.6357,15.5643
2015-12-08,-124.8862,31.7129,0.0497,18.7255,17.9570
2015-12-07,-53.0744,31.8187,0.0581,15.8625,19.3562
2015-12-04,13.2075,31.7835,0.0519,17.7708,20.8255
2015-12-03,-99.4242,31.8840,0.0472,19.8301,23.2388
2015-12-02,122.7095,31.8485,0.0220,11.8079,26.6715
2015-12-01,208.0988,31.6438,-0.0135,13.0824,27.5186
2015-11-30,78.2789,31.4920,-0.0371,14.0627,23.4385
2015-11-27,43.9629,31.4253,-0.0521,15.0440,23.8913
2015-11-25,60.3791,31.3195,-0.0687,15.9615,25.3484
2015-11-24,62.7109,31.2509,-0.0816,17.0350,27.0533
2015-11-23,107.9915,31.2385,-0.0948,16.9239,29.2215
2015-11-20,30.1134,31.1415,-0.1159,18.5431,28.2735
2015-11-19,7.8250,31.0625,-0.1260,19.9229,30.3774
2015-11-18,-15.3933,31.0416,-0.1154,21.9272,30.6445
2015-11-17,-62.5891,31.1722,-0.0798,24.4965,30.3294
2015-11-16,-115.5440,31.4102,-0.0298,27.1113,23.8904
2015-11-13,-85.4818,31.6833,0.0200,23.7205,25.2506
2015-11-12,-65.5867,31.8653,0.0556,24.0870,27.7379
2015-11-11,-74.5189,32.0351,0.0777,26.5284,25.8069
2015-11-10,-50.9320,32.1687,0.0759,25.4189,27.1235
2015-11-09,89.6919,32.1665,0.0404,18.0302,31.0293
2015-11-06,198.2581,31.7409,-0.0263,15.1736,37.2179
2015-11-05,108.2484,31.4669,-0.0653,18.3944,24.9687
2015-11-04,130.1219,31.3856,-0.0801,18.6834,27.8301
2015-11-03,74.9396,31.2636,-0.0832,21.4991,25.4862
2015-11-02,-72.9372,31.3609,-0.0574,25.2221,16.2101
2015-10-30,-99.7899,31.5471,-0.0231,27.7016,13.0618
2015-10-29,-63.1224,31.6720,0.0019,28.5561,13.5410
2015-10-28,-2.6089,31.7535,0.0191,25.8917,14.6431
2015-10-27,-2.9836,31.7375,0.0274,27.8956,14.2489
2015-10-26,-26.6715,31.8280,0.0371,29.8665,15.2556
2015-10-23,25.1525,31.8175,0.0311,26.4917,16.7822
2015-10-22,24.6473,31.7756,0.0186,29.0439,18.3990
2015-10-21,71.4958,31.6015,0.0035,26.1841,21.1802
2015-10-20,45.5623,31.4927,0.0093,28.4195,22.9884
2015-10-19,-122.2105,31.5387,0.0422,32.9009,12.1080
2015-10-16,-186.4761,31.9289,0.0973,32.9083,15.7747
2015-10-15,-127.9652,32.0765,0.1253,29.9824,19.0702
2015-10-14,-88.2353,32.2591,0.1462,23.4891,23.4860
2015-10-13,-22.5562,32.3309,0.1458,19.6654,24.6597
2015-10-12,35.1820,32.3042,0.1277,17.1550,26.4094
2015-10-09,62.8440,32.2398,0.0968,16.1228,28.2994
2015-10-08,46.6761,32.1455,0.0520,17.5076,25.6992
2015-10-07,71.3326,32.0598,-0.0088,19.1063,28.2239
2015-10-06,177.1076,31.7716,-0.0950,12.8689,32.9332
2015-10-05,246.4786,31.2680,-0.1828,15.2045,31.8674
2015-10-02,151.2496,31.1022,-0.2308,18.9456,17.9890
2015-10-01,128.2668,31.0415,-0.2700,21.7730,15.3324
2015-09-30,158.0212,30.9571,-0.3118,23.2876,16.3990
2015-09-29,96.7836,30.8509,-0.3524,26.1329,11.8338
2015-09-28,65.7620,30.7996,-0.3855,28.1026,12.7257
2015-09-25,70.3533,30.7656,-0.4141,25.3520,14.5004
2015-09-24,-16.5187,30.7375,-0.4368,26.6997,13.9782
2015-09-23,-22.5342,30.7925,-0.4475,28.8244,14.6717
2015-09-22,-85.0287,30.8900,-0.4517,31.1322,12.3181
2015-09-21,-74.0254,31.0000,-0.4496,33.2416,13.4159
2015-09-18,-121.8855,31.1604,-0.4389,36.5207,10.7935
2015-09-17,-89.1347,31.3585,-0.4243,32.5118,11.6932
2015-09-16,-140.4972,31.5240,-0.4110,35.1925,9.5966
2015-09-15,-141.0172,31.7289,-0.3964,32.9469,10.5321
2015-09-14,-143.7643,31.9060,-0.3871,34.4907,11.1382
2015-09-11,-131.4097,32.0696,-0.3825,36.7955,12.1812
2015-09-10,-66.1079,32.1189,-0.3856,36.7192,14.0190
2015-09-09,15.3373,32.2549,-0.3826,32.6695,15.4694
2015-09-08,-31.4000,32.2462,-0.3825,35.7286,11.6508
2015-09-04,-122.3556,32.3467,-0.3626,38.9272,9.4802
2015-09-03,-63.3374,32.5376,-0.3324,36.9272,10.3927
2015-09-02,-109.8325,32.7091,-0.3007,39.1580,9.9722
2015-09-01,-96.9523,32.9473,-0.2632,40.2375,10.9546
2015-08-31,-39.6663,33.1387,-0.2264,36.5562,12.6028
2015-08-28,-78.7642,33.3284,-0.1825,39.6770,8.3835
2015-08-27,-101.5133,33.6978,-0.1278,43.2528,9.1390
2015-08-26,-102.0739,33.9431,-0.0845,44.2846,10.2876
2015-08-25,-105.6731,34.1269,-0.0420,46.0412,11.6631
2015-08-24,-240.8861,34.2755,0.0061,53.1745,9.9385
2015-08-21,-170.1064,34.7331,0.0650,29.3696,15.3783
2015-08-20,-63.4765,34.8882,0.0868,24.0363,17.2364
2015-08-19,31.1191,34.9153,0.0910,22.7712,19.4811
2015-08-18,95.0148,34.8900,0.0862,16.7780,22.2151
2015-08-17,94.6382,34.7775,0.0752,18.0829,22.1618
2015-08-14,150.6884,34.7316,0.0679,15.8136,25.2982
2015-08-13,210.8277,34.5533,0.0563,17.6963,25.7948
2015-08-12,143.1844,34.4662,0.0598,19.5556,22.6679
2015-08-11,46.7319,34.4245,0.0739,21.9991,20.0970
2015-08-10,22.6364,34.4004,0.0963,24.0453,21.3020
2015-08-07,-253.9279,34.4707,0.1289,26.6774,16.5021
2015-08-06,-106.3160,34.5787,0.1608,20.1240,18.6608
2015-08-05,-29.6788,34.5751,0.1858,19.0705,21.2058
2015-08-04,-42.4565,34.6220,0.2189,19.9353,23.1087
2015-08-03,-70.5391,34.7407,0.2580,21.5794,20.7259
2015-07-31,-65.6213,34.8644,0.2967,19.8803,21.9650
2015-07-30,-71.3586,34.9533,0.3331,21.1056,23.3188
2015-07-29,-73.3110,35.0418,0.3687,23.0041,23.9417
2015-07-28,-75.2737,35.1800,0.3997,24.6882,25.6945
2015-07-27,-35.5280,35.2060,0.4109,23.7400,29.0876
2015-07-24,14.8814,35.2322,0.4042,20.7452,31.6955
2015-07-23,74.9694,35.0451,0.3658,12.1120,36.5664
2015-07-22,82.2973,34.7420,0.3104,13.2388,37.2063
2015-07-21,123.3582,34.4291,0.2477,7.5499,41.6163
2015-07-20,160.1602,33.9742,0.1768,8.4815,43.9403
2015-07-17,153.1866,33.6067,0.1204,9.9836,44.1993
2015-07-16,134.6028,33.3642,0.0776,12.8938,33.9459
2015-07-15,154.0385,33.1442,0.0415,13.7746,34.6008
2015-07-14,138.3473,32.9653,0.0160,15.5799,31.3790
2015-07-13,103.4893,32.8635,0.0028,17.4883,27.4769
2015-07-10,83.0407,32.7625,-0.0034,19.2346,28.0808
2015-07-09,-7.1231,32.7391,0.0027,21.9868,24.5776
2015-07-08,-146.4646,32.7853,0.0159,26.1279,19.2008
2015-07-07,-92.5825,32.8633,0.0285,24.5621,21.2869
2015-07-06,-84.8193,32.9180,0.0343,24.6073,23.8973
2015-07-02,106.6469,32.9182,0.0326,15.6817,27.9817
2015-07-01,136.0381,32.8244,0.0281,17.0576,29.4167
2015-06-30,-7.7718,32.7705,0.0347,18.7823,26.6278
2015-06-29,-218.4068,32.8229,0.0521,22.0533,20.9014
2015-06-26,-42.4028,32.9098,0.0684,17.4895,23.2736
2015-06-25,-112.5649,32.9184,0.0763,20.0384,20.0410
2015-06-24,-26.3158,32.9384,0.0835,15.8262,21.9136
2015-06-23,32.0310,32.9344,0.0886,13.1918,24.2625
2015-06-22,10.5270,32.9236,0.0943,14.2170,25.5179
2015-06-19,-20.8554,32.9013,0.1011,15.6356,22.2433
2015-06-18,-7.8152,32.8996,0.1112,16.5001,23.4730
2015-06-17,-59.0540,32.9224,0.1229,17.9342,22.6160
2015-06-16,-76.2468,32.9831,0.1331,19.7339,25.0068
2015-06-15,-13.9478,32.9580,0.1336,20.8413,28.5364
2015-06-12,64.7079,32.9373,0.1311,16.7991,32.0048
2015-06-11,154.1881,32.8600,0.1224,12.6435,35.4364
2015-06-10,136.6692,32.7435,0.1136,14.5105,29.5943
2015-06-09,45.8367,32.6698,0.1117,16.0512,24.1609
2015-06-08,35.2883,32.6569,0.1131,17.3936,23.7920
2015-06-05,59.8108,32.6062,0.1095,18.0907,24.7455
2015-06-04,110.9600,32.5398,0.1044,16.3659,26.4304
2015-06-03,270.2774,32.4235,0.1006,17.8169,28.7737
2015-06-02,93.0141,32.3553,0.1078,21.6064,18.6066
2015-06-01,8.3520,32.3533,0.1227,23.6899,17.5647
2015-05-29,20.5524,32.3458,0.1368,22.6342,20.0172
2015-05-28,45.8745,32.3096,0.1511,22.2590,21.7854
2015-05-27,4.6817,32.3296,0.1718,23.9369,22.3244
2015-05-26,-51.2744,32.3898,0.1948,26.0958,22.5340
2015-05-22,-7.4831,32.4029,0.2133,23.6436,25.1014
2015-05-21,-0.6614,32.4309,0.2341,21.9570,27.4711
2015-05-20,-11.5305,32.4165,0.2564,23.4213,28.9611
2015-05-19,-79.2402,32.4745,0.2867,26.5881,20.6471
2015-05-18,-115.7006,32.5973,0.3158,27.7205,18.4117
2015-05-15,-47.7973,32.7187,0.3288,25.1855,19.4749
2015-05-14,45.0601,32.6244,0.3128,19.8694,23.1877
2015-05-13,85.5009,32.4669,0.2865,16.1476,26.1827
2015-05-12,85.5619,32.2376,0.2534,18.0220,27.8564
2015-05-11,116.5458,32.1224,0.2217,8.2170,34.8089
2015-05-08,150.8517,31.8136,0.1728,9.0367,36.3814
2015-05-07,126.0669,31.5522,0.1326,10.0128,29.8887
2015-05-06,123.5741,31.4027,0.1013,11.7104,26.3792
2015-05-05,153.0233,31.2265,0.0689,12.7395,28.6975
2015-05-04,138.3593,31.0827,0.0450,14.0755,21.4145
2015-05-01,129.5280,30.9944,0.0315,14.7726,19.3567
2015-04-30,47.2533,30.9280,0.0272,15.8171,18.0739
2015-04-29,-59.0802,30.9851,0.0351,17.9924,14.4069
2015-04-28,-60.4276,31.0665,0.0401,16.3502,16.5343
2015-04-27,-42.1025,31.1018,0.0345,16.3885,17.6634
2015-04-24,0.2439,31.1276,0.0192,16.4539,19.0500
2015-04-23,76.5918,31.1227,-0.0101,14.4235,20.6376
2015-04-22,168.1659,30.9833,-0.0566,12.9415,23.1938
2015-04-21,163.3814,30.7565,-0.1060,15.3685,14.8569
2015-04-20,116.8344,30.6635,-0.1436,16.6050,14.8007
2015-04-17,48.8576,30.5376,-0.1840,18.9187,11.7296
2015-04-16,74.0502,30.4191,-0.2206,20.1963,13.4622
2015-04-15,87.4662,30.3447,-0.2501,19.2271,15.1102
2015-04-14,99.5429,30.3000,-0.2750,19.8377,16.0204
2015-04-13,128.9001,30.2169,-0.2970,20.9748,16.3307
2015-04-10,120.7794,30.1671,-0.3078,22.3926,16.5166
2015-04-09,-48.9737,30.1804,-0.3056,24.6513,11.5682
2015-04-08,-105.8690,30.2584,-0.2925,26.4207,9.2084
2015-04-07,-92.4283,30.4124,-0.2727,28.1267,9.8030
2015-04-06,-76.0195,30.5438,-0.2545,30.6578,11.7797
2015-04-02,-42.1804,30.6444,-0.2333,27.0659,14.1849
2015-04-01,-67.5924,30.7907,-0.1999,29.2848,14.9989
2015-03-31,-86.8141,31.0240,-0.1554,33.3709,13.5140
2015-03-30,-112.0636,31.2635,-0.1089,34.8386,14.7487
2015-03-27,-160.0146,31.5509,-0.0639,36.8798,15.6129
2015-03-26,-186.7582,31.7535,-0.0324,34.4555,17.7830
2015-03-25,-209.3581,31.9209,-0.0115,30.4555,19.8015
2015-03-24,-73.2916,32.0187,-0.0042,23.0052,22.6799
2015-03-23,36.0820,32.0442,-0.0102,20.0403,24.3089
2015-03-20,157.9187,31.9796,-0.0261,15.0260,27.5289
2015-03-19,129.4247,31.8485,-0.0433,16.8054,22.2801
2015-03-18,51.1048,31.8240,-0.0499,18.4355,21.1502
2015-03-17,102.4191,31.7438,-0.0565,20.3378,23.3326
2015-03-16,49.1769,31.7687,-0.0528,23.4606,19.0593
2015-03-13,-22.3368,31.7295,-0.0495,24.2800,18.7271
2015-03-12,10.9849,31.7229,-0.0370,22.0322,20.8491
2015-03-11,-91.1406,31.7464,-0.0149,23.7029,17.5898
2015-03-10,-133.9883,31.8858,0.0178,26.0479,19.3301
2015-03-09,-66.1731,31.9373,0.0466,27.1707,22.1811
2015-03-06,-165.0167,32.0945,0.0824,31.6543,23.1631
2015-03-05,-42.3730,32.1431,0.1103,25.7187,26.5014
2015-03-04,-78.1433,32.1836,0.1406,28.9134,22.2323
2015-03-03,-33.7662,32.2069,0.1732,29.9818,23.4480
2015-03-02,-142.7640,32.2218,0.2085,31.9471,21.5436
2015-02-27,-55.8757,32.3571,0.2491,24.4452,24.5027
2015-02-26,3.3443,32.3900,0.2778,19.8074,27.0330
2015-02-25,-35.4589,32.4069,0.3074,21.1383,26.9297
2015-02-24,-28.5522,32.4655,0.3423,22.7428,28.9738
2015-02-23,-11.9655,32.4942,0.3778,21.2286,34.1658
2015-02-20,-31.4211,32.4958,0.4170,22.7819,36.6657
2015-02-19,-71.8532,32.5940,0.4646,27.0084,31.7777
2015-02-18,-53.7783,32.6807,0.5031,28.2579,33.2479
2015-02-17,-18.3421,32.7838,0.5229,28.6748,35.5445
2015-02-13,62.4876,32.6695,0.5056,20.7953,40.9793
2015-02-12,130.5943,32.4064,0.4645,9.0329,47.7564
2015-02-11,148.7330,32.0338,0.4138,9.6572,45.4314
2015-02-10,156.0945,31.7233,0.3724,10.5751,42.1458
2015-02-09,142.7326,31.5013,0.3420,11.8602,35.6748
2015-02-06,228.2434,31.3462,0.3186,12.5750,37.8249
2015-02-05,206.4184,31.1625,0.2976,13.9441,32.8067
2015-02-04,45.7120,31.0871,0.2864,16.0313,26.6881
2015-02-03,49.9719,31.0042,0.2691,16.9953,28.2929
2015-02-02,41.2352,30.8447,0.2406,18.3348,25.9982
2015-01-30,47.5728,30.7235,0.2065,18.4990,27.8258
2015-01-29,72.9074,30.5182,0.1534,16.7774,29.9480
2015-01-28,100.1640,30.2596,0.0866,16.5454,31.8617
2015-01-27,126.2445,29.8667,0.0114,17.9347,31.2279
2015-01-26,174.0441,29.5515,-0.0457,19.2811,33.0812
2015-01-23,184.1719,29.2938,-0.0819,21.0029,36.0354
2015-01-22,-47.5290,29.1731,-0.0891,31.1535,13.1765
2015-01-21,-27.0605,29.1996,-0.0729,27.6070,15.5961
2015-01-20,-52.9552,29.2535,-0.0467,29.0424,14.8634
2015-01-16,-100.4283,29.3344,-0.0112,31.7592,13.9351
2015-01-15,-162.5967,29.5598,0.0308,36.1504,15.8618
2015-01-14,-54.9845,29.6475,0.0540,23.8771,19.7309
2015-01-13,32.4504,29.7187,0.0709,19.4996,22.0615
2015-01-12,-6.9877,29.7333,0.0816,21.4210,20.5859
2015-01-09,3.0747,29.7571,0.0941,22.4149,21.5411
2015-01-08,13.6909,29.7253,0.1084,24.6237,23.6638
2015-01-07,-77.6037,29.8009,0.1364,28.5531,19.9930
2015-01-06,-160.1033,29.8800,0.1659,32.9124,18.4468
2015-01-05,-180.2441,29.9885,0.1947,34.7410,22.0191
2015-01-02,-117.4142,30.1007,0.2149,27.4071,26.4391
2014-12-31,-7.4385,30.1153,0.2173,23.0591,28.9422
2014-12-30,49.7792,30.0442,0.2044,20.8602,31.6380
2014-12-29,93.2588,29.8796,0.1801,15.5481,35.6941
2014-12-26,105.8477,29.7020,0.1555,16.7182,37.9734
2014-12-24,87.6628,29.5662,0.1351,18.6048,33.0920
2014-12-23,88.3960,29.4311,0.1166,19.3130,34.3516
2014-12-22,70.9509,29.2995,0.1039,21.4432,31.8649
2014-12-19,107.3707,29.2402,0.1027,18.0986,34.8144
2014-12-18,61.2564,29.1329,0.1076,19.0610,33.6524
2014-12-17,-83.0571,29.0989,0.1318,22.5931,23.0598
2014-12-16,-164.9373,29.2322,0.1722,25.5006,19.6888
2014-12-15,-151.2469,29.3571,0.2045,27.7767,21.5925
2014-12-12,-37.2501,29.3793,0.2213,17.8335,26.3053
2014-12-11,107.3355,29.3582,0.2307,9.4895,29.5690
2014-12-10,158.2038,29.2600,0.2339,10.6326,31.0100
2014-12-09,135.9469,29.1724,0.2413,11.5113,28.0974
2014-12-08,188.9367,29.0836,0.2529,12.5308,30.5858
2014-12-05,80.7851,29.0387,0.2726,14.7317,24.1773
2014-12-04,67.4740,28.9898,0.2973,15.8303,25.9803
2014-12-03,18.3541,28.9896,0.3302,17.2099,24.1910
2014-12-02,49.6538,28.9711,0.3653,17.9978,25.2985
2014-12-01,-34.4769,28.9873,0.4071,19.4144,24.0487
2014-11-28,-36.6309,28.9911,0.4513,20.8012,23.9808
2014-11-26,-73.6944,29.0451,0.4997,21.7815,25.1109
2014-11-25,-197.4220,29.0876,0.5430,23.2613,26.8169
2014-11-24,18.2179,29.1096,0.5785,13.9416,33.0178
2014-11-21,96.9360,29.0509,0.6039,12.4887,36.2969
2014-11-20,73.9479,28.9580,0.6270,13.3177,37.8553
2014-11-19,24.0179,28.9005,0.6503,14.2802,34.8422
2014-11-18,56.7987,28.8049,0.6633,12.9548,36.7434
2014-11-17,65.3834,28.6345,0.6642,14.2438,37.6226
2014-11-14,85.1430,28.4575,0.6595,14.8310,39.9524
2014-11-13,94.9300,28.2700,0.6466,16.3736,39.2736
2014-11-12,90.3995,28.0660,0.6231,17.3093,40.5423
2014-11-11,124.7768,27.8240,0.5958,17.7208,43.3668
2014-11-10,121.3371,27.5807,0.5733,19.0062,41.4609
2014-11-07,75.5313,27.4020,0.5625,21.1514,37.0592
2014-11-06,54.9870,27.2802,0.5575,23.6968,36.2867
2014-11-05,34.8672,27.1595,0.5488,25.1789,35.1788
2014-11-04,14.9693,27.0616,0.5323,27.6677,38.0375
2014-11-03,59.7103,26.8978,0.4965,24.2238,43.9033
2014-10-31,49.7117,26.7316,0.4424,27.0733,40.6655
2014-10-30,197.4545,26.5285,0.3598,8.3600,54.4831
2014-10-29,111.6522,25.8836,0.2427,11.9943,36.3059
2014-10-28,138.4154,25.5993,0.1726,12.9565,39.2185
2014-10-27,149.5525,25.2913,0.1060,14.4095,37.5727
2014-10-24,164.4053,25.0684,0.0553,16.6860,34.6501
2014-10-23,181.8405,24.8827,0.0142,18.7917,29.7132
2014-10-22,178.6723,24.7398,-0.0169,20.8491,23.4638
2014-10-21,138.5251,24.6289,-0.0370,22.0807,21.1086
2014-10-20,1.2824,24.6084,-0.0437,24.4653,15.4360
2014-10-17,61.0709,24.5935,-0.0466,21.8002,16.7857
2014-10-16,-64.4593,24.5851,-0.0437,23.8639,12.6950
2014-10-15,-53.0392,24.6740,-0.0323,26.9393,14.3310
2014-10-14,48.0144,24.6593,-0.0308,20.8012,17.1163
2014-10-13,-49.4830,24.6689,-0.0240,22.8882,15.1480
2014-10-10,-102.0575,24.7515,-0.0137,25.5745,15.8963
2014-10-09,6.2743,24.7924,-0.0156,22.6330,17.8106
2014-10-08,99.0792,24.7380,-0.0287,19.9344,20.1872
2014-10-07,51.7081,24.7204,-0.0375,21.2293,20.4227
2014-10-06,133.2629,24.6740,-0.0464,19.1497,22.2522
2014-10-03,56.6790,24.6498,-0.0490,20.4504,23.4767
2014-10-02,-106.1318,24.6415,-0.0436,23.1627,18.7887
2014-10-01,-139.3393,24.7153,-0.0287,18.8708,22.4543
2014-09-30,-43.5928,24.7729,-0.0181,19.8402,24.3384
2014-09-29,-28.6212,24.7409,-0.0135,23.8351,21.6053
2014-09-26,-2.8094,24.7595,-0.0016,26.0956,23.6544
2014-09-25,26.0342,24.7693,0.0081,22.8611,26.0013
2014-09-24,57.2347,24.7076,0.0141,23.2707,28.0134
2014-09-23,-40.4233,24.6998,0.0289,25.2684,24.2865
2014-09-22,64.4015,24.7164,0.0464,16.8260,27.6425
2014-09-19,106.0388,24.6300,0.0634,19.2157,31.5686
2014-09-18,-17.3465,24.6373,0.1047,22.8437,22.5629
2014-09-17,-52.4833,24.7129,0.1654,24.3042,20.6984
2014-09-16,-110.8812,24.8384,0.2410,26.2862,15.3045
2014-09-15,-144.1559,25.0285,0.3280,28.1206,16.8683
2014-09-12,-119.2679,25.2253,0.4155,20.4280,18.9771
2014-09-11,-123.5039,25.4051,0.4979,17.8134,20.1913
2014-09-10,-134.2446,25.5495,0.5700,18.0031,21.7684
2014-09-09,-92.8657,25.6104,,20.0448,24.4821
2014-09-08,-85.9933,25.6525,,23.9827,29.2917
2014-09-05,76.6365,25.5898,,5.9188,39.9709
2014-09-04,52.1985,25.5447,,6.5510,37.0304
2014-09-03,105.1261,25.5082,,3.9316,39.7021
2014-09-02,103.7059,25.3373,,4.2974,40.9367
2014-08-29,92.7862,25.1711,,4.7052,44.8224
2014-08-28,79.5541,24.9342,,5.2877,47.8447
2014-08-27,66.0611,24.7318,,6.0122,46.6445
2014-08-26,58.1846,24.5658,,6.9689,42.2000
2014-08-25,79.7588,24.3615,,7.2873,44.1280
2014-08-22,112.6353,24.0449,,2.5666,50.0764
2014-08-21,156.9627,23.7080,,2.7807,54.2535
2014-08-20,235.1771,23.2842,,3.2202,62.8294
2014-08-19,318.1481,23.0458,,4.7035,51.7690
2014-08-18,119.4763,23.0036,,7.7651,20.3736
2014-08-15,62.1745,22.9876,,8.4287,17.5904
2014-08-14,115.7601,22.9767,,8.7452,18.2510
2014-08-13,106.6667,22.9295,,,
