DATE,SMA,EMA,MACD,RSI,ADX
2019-02-15,30.2580,30.3182,1.1720,83.0432,57.7033
2019-02-14,30.1310,30.1423,1.1682,82.0259,56.0934
2019-02-13,30.0270,29.9606,1.1617,78.8241,55.2106
2019-02-12,29.9710,29.8318,1.1793,78.8241,54.5961
2019-02-11,29.9180,29.6744,1.1846,74.0011,53.9133
2019-02-08,29.8790,29.6021,1.2291,73.1869,54.3294
2019-02-07,29.8850,29.5314,1.2761,77.5592,55.1743
2019-02-06,29.8500,29.4095,1.3013,76.7789,55.8883
2019-02-05,29.8480,29.2827,1.3247,74.9777,56.6816
2019-02-04,29.5230,29.1789,1.3588,74.5922,57.8999
2019-02-01,29.1940,29.0631,1.3875,77.6057,59.8153
2019-01-31,28.8320,28.8905,1.3898,79.2524,59.6961
2019-01-30,28.4160,28.6617,1.3644,80.4040,58.0716
2019-01-29,27.9990,28.3687,1.3059,80.9332,56.2666
2019-01-28,27.5770,28.0040,1.2093,79.2981,54.2610
2019-01-25,27.1730,27.6471,1.1091,85.3945,52.0327
2019-01-24,26.7640,27.1286,0.9274,84.6782,48.5291
2019-01-23,26.3440,26.5506,0.7074,88.2624,44.6363
2019-01-22,25.8990,25.7929,0.3930,72.5069,40.4705
2019-01-18,25.7650,25.6358,0.3382,71.6149,38.7720
2019-01-17,25.5790,25.4637,0.2725,69.7503,37.2276
2019-01-16,25.4020,25.2957,0.2041,64.6970,35.6820
2019-01-15,25.1410,25.1925,0.1606,65.7719,33.9646
2019-01-14,24.9120,25.0553,0.0977,65.5659,33.8590
2019-01-11,24.6870,24.8920,0.0180,63.3849,33.1282
2019-01-10,24.4100,24.7413,-0.0616,69.1157,32.3162
2019-01-09,24.0370,24.4861,-0.1949,66.0036,31.9990
2019-01-08,23.7170,24.2541,-0.3255,65.8314,31.5242
2019-01-07,23.4660,23.9750,-0.4854,62.8700,31.9695
2019-01-04,23.2470,23.7117,-0.6469,57.0281,32.4888
2019-01-03,23.1420,23.5254,-0.7814,56.0069,33.6432
2019-01-02,23.0610,23.3199,-0.9316,39.0631,37.2825
2018-12-31,23.1460,23.3577,-0.9774,43.3388,40.5899
2018-12-28,23.1870,23.3216,-1.0592,43.5708,41.7108
2018-12-27,23.2950,23.2730,-1.1504,31.3290,43.4855
2018-12-26,23.4830,23.3782,-1.1746,17.3772,43.6578
2018-12-24,23.7980,23.6489,-1.1233,18.2643,42.3329
2018-12-21,24.0950,23.9420,-1.0587,22.3028,39.5994
2018-12-20,24.3270,24.1513,-1.0292,21.6043,36.9704
2018-12-19,24.4830,24.4138,-0.9734,25.2078,34.5638
2018-12-18,24.6990,24.6169,-0.9421,26.2486,32.4428
2018-12-17,24.9580,24.8339,-0.9026,29.0219,30.5481
2018-12-14,25.1580,25.0193,-0.8758,27.6848,28.5110
2018-12-13,25.3880,25.2613,-0.8217,33.2398,27.0411
2018-12-12,25.5320,25.4038,-0.8109,33.7701,25.9152
2018-12-11,25.6400,25.5647,-0.7915,39.7651,25.5137
2018-12-10,25.7010,25.6213,-0.8193,39.6120,25.0675
2018-12-07,25.7240,25.6927,-0.8419,39.7941,24.8105
2018-12-06,25.7320,25.7755,-0.8605,28.0312,26.6438
2018-12-04,25.8080,26.0522,-0.7913,37.4507,25.6724
2018-12-03,25.8360,26.1394,-0.8065,44.1925,24.9917
2018-11-30,25.8480,26.1193,-0.8723,40.2889,27.1467
2018-11-29,25.9125,26.1458,-0.9201,42.9956,27.7931
2018-11-28,26.0745,26.1271,-0.9911,40.3289,29.2761
2018-11-27,26.1895,26.1420,-1.0500,35.5395,30.9239
2018-11-26,26.3725,26.2269,-1.0795,36.9636,31.2798
2018-11-23,26.5125,26.2951,-1.1176,30.8884,31.9106
2018-11-21,26.6865,26.4651,-1.1103,28.8307,31.1672
2018-11-20,26.8445,26.7018,-1.0717,27.1796,30.3412
2018-11-19,26.9825,27.0155,-0.9955,31.0050,28.3903
2018-11-16,27.0385,27.2545,-0.9500,33.6974,26.4340
2018-11-15,27.1325,27.4555,-0.9199,35.7052,24.6185
2018-11-14,27.3760,27.6356,-0.8981,45.7200,23.3845
2018-11-13,27.4940,27.5880,-0.9799,37.3157,23.4611
2018-11-12,27.5960,27.6719,-1.0049,40.6816,24.8412
2018-11-09,27.6690,27.6902,-1.0608,37.0506,25.6806
2018-11-08,27.7870,27.7724,-1.0893,36.4017,26.8637
2018-11-07,27.9350,27.8841,-1.1048,32.7853,26.9098
2018-11-06,28.2020,28.0850,-1.0789,28.8955,26.3296
2018-11-05,28.4170,28.3994,-0.9986,26.8048,24.5003
2018-11-02,28.9180,28.8215,-0.8643,30.5632,22.5720
2018-11-01,29.2340,29.1618,-0.7607,42.8015,20.4295
2018-10-31,29.3300,29.1800,-0.7997,42.2199,21.7899
2018-10-30,29.4410,29.2134,-0.8327,32.3075,23.7147
2018-10-29,29.6090,29.4319,-0.7814,32.8786,24.9955
2018-10-26,29.7530,29.6790,-0.7136,33.9591,26.4185
2018-10-25,29.8990,29.9410,-0.6350,35.4139,26.9265
2018-10-24,30.0540,30.2056,-0.5509,41.1217,29.0982
2018-10-23,30.2170,30.3291,-0.5272,32.0290,31.9115
2018-10-22,30.4500,30.6644,-0.4048,58.2828,34.1369
2018-10-19,30.4100,30.4765,-0.5166,41.1854,36.5596
2018-10-18,30.5240,30.4824,-0.5438,31.3979,39.2179
2018-10-17,30.7010,30.5808,-0.5288,32.5883,38.7891
2018-10-16,30.8450,30.6787,-0.5123,26.8470,38.9472
2018-10-15,30.9920,30.8495,-0.4603,22.9977,37.8333
2018-10-12,31.1410,31.0916,-0.3719,24.5478,35.4323
2018-10-11,31.2880,31.3431,-0.2741,27.3702,32.7645
2018-10-10,31.4460,31.5749,-0.1798,39.0039,30.1396
2018-10-09,31.5750,31.6404,-0.1567,35.7432,29.2021
2018-10-08,31.7770,31.7494,-0.1117,34.7776,29.5857
2018-10-05,32.0080,31.8915,-0.0486,41.5148,30.0119
2018-10-04,32.2100,31.9585,-0.0162,45.1204,31.3918
2018-10-03,32.3840,31.9916,0.0031,40.2366,33.1441
2018-10-02,32.5310,32.0830,0.0510,35.7628,35.7209
2018-10-01,32.6530,32.2392,0.1318,32.8209,36.6994
2018-09-28,32.7960,32.4591,0.2462,34.8074,38.0944
2018-09-27,32.8830,32.6877,0.3703,40.2948,38.2104
2018-09-26,32.9300,32.8672,0.4776,51.4988,39.9822
2018-09-25,32.9130,32.9333,0.5372,65.8220,42.8445
2018-09-24,32.7990,32.8807,0.5445,73.4864,45.4279
2018-09-21,32.6300,32.7608,0.5204,79.8458,47.0304
2018-09-20,32.4470,32.5721,0.4627,79.3376,44.8069
2018-09-19,32.2800,32.3548,0.3884,74.5187,41.9725
2018-09-18,32.1650,32.2004,0.3389,68.5839,39.1162
2018-09-17,32.0640,32.1116,0.3166,71.2387,37.1031
2018-09-14,31.9420,31.9852,0.2754,65.5357,35.1954
2018-09-13,31.8730,31.9153,0.2575,67.1115,33.6166
2018-09-12,31.8310,31.8187,0.2258,68.5960,32.6353
2018-09-11,31.7710,31.6895,0.1769,63.1703,31.5449
2018-09-10,31.7240,31.6138,0.1496,57.8570,30.3334
2018-09-07,31.6810,31.5880,0.1432,59.1367,28.9873
2018-09-06,31.6740,31.5453,0.1278,61.5888,29.8200
2018-09-05,31.5970,31.4710,0.0962,62.0519,30.7452
2018-09-04,31.5130,31.3756,0.0523,57.6047,30.0380
2018-08-31,31.3930,31.3280,0.0271,55.6427,30.3553
2018-08-30,31.2900,31.2987,0.0078,58.4518,31.3268
2018-08-29,31.1130,31.2295,-0.0322,64.7256,31.7562
2018-08-28,30.8870,31.0738,-0.1154,63.2847,32.2334
2018-08-27,30.6940,30.9124,-0.2067,60.6115,31.2355
2018-08-24,30.4760,30.7685,-0.2957,57.6017,30.1267
2018-08-23,30.3110,30.6504,-0.3786,64.6084,30.6451
2018-08-22,30.1400,30.4150,-0.5206,57.8566,31.0159
2018-08-21,30.0370,30.2605,-0.6332,57.2449,31.5639
2018-08-20,29.9140,30.0829,-0.7626,48.1719,33.1476
2018-08-17,29.8610,30.0146,-0.8485,48.7275,35.6497
2018-08-16,29.7840,29.9223,-0.9499,39.4579,38.2103
2018-08-15,29.7060,29.9406,-1.0054,36.4799,41.0553
2018-08-14,29.6420,30.0007,-1.0442,38.4842,42.6847
2018-08-13,29.6230,30.0298,-1.0990,30.0041,43.8665
2018-08-10,29.6490,30.1741,-1.1031,32.2058,42.8273
2018-08-09,29.7410,30.2906,-1.1197,35.2211,42.0587
2018-08-08,30.0950,30.3552,-1.1603,35.9128,41.8534
2018-08-07,30.4750,30.4164,-1.2034,32.1661,42.0671
2018-08-06,30.8710,30.5467,-1.2154,32.3705,41.7143
2018-08-03,31.1820,30.6993,-1.2161,29.6900,41.3224
2018-08-02,31.5290,30.9302,-1.1789,21.2640,39.8099
2018-08-01,31.9420,31.3458,-1.0532,20.8371,37.3724
2018-07-31,32.3380,31.8604,-0.8744,23.3006,34.5870
2018-07-30,32.6380,32.3450,-0.6997,22.7951,31.4921
2018-07-27,32.9160,32.9461,-0.4624,26.4421,28.2585
2018-07-26,33.1390,33.4741,-0.2475,48.9524,24.9892
2018-07-25,33.2770,33.4594,-0.2721,53.6589,21.4401
2018-07-24,33.3560,33.3660,-0.3340,52.5725,22.8522
2018-07-23,33.4690,33.2718,-0.3991,41.2866,25.1348
2018-07-20,33.5620,33.3388,-0.3929,43.0871,26.5046
2018-07-19,33.6090,33.3852,-0.3955,43.7308,27.5549
2018-07-18,33.6670,33.4286,-0.3992,41.0907,29.1669
2018-07-17,33.7520,33.5261,-0.3778,36.9650,30.2635
2018-07-16,33.7950,33.7141,-0.3133,33.4466,29.5667
2018-07-13,33.8920,34.0016,-0.2000,36.0968,27.6722
2018-07-12,33.9090,34.2687,-0.0913,59.9470,25.5672
2018-07-11,33.7600,34.1239,-0.1669,56.9265,23.9521
2018-07-10,33.6760,34.0026,-0.2356,61.0715,25.7139
2018-07-09,33.5890,33.7987,-0.3453,46.8647,27.1576
2018-07-06,33.6530,33.7762,-0.3765,41.1827,29.0976
2018-07-05,33.7330,33.8153,-0.3802,43.5582,29.2485
2018-07-03,33.8590,33.8254,-0.3967,44.5097,29.7135
2018-07-02,33.9380,33.8222,-0.4192,30.1997,30.2303
2018-06-29,34.1270,33.9804,-0.3675,33.1509,30.3745
2018-06-28,34.2950,34.1117,-0.3246,22.9916,31.0835
2018-06-27,34.5040,34.3654,-0.2224,27.0426,27.2755
2018-06-26,34.7040,34.5732,-0.1355,31.3681,23.7822
2018-06-25,34.8660,34.7384,-0.0634,34.0652,20.6589
2018-06-22,35.0120,34.8914,0.0072,41.1592,17.4832
2018-06-21,35.1120,34.9694,0.0473,37.8300,15.5232
2018-06-20,35.2370,35.0960,0.1120,49.0756,13.3454
2018-06-19,35.2440,35.1106,0.1288,38.6552,13.3153
2018-06-18,35.3180,35.2174,0.1891,46.5922,12.3166
2018-06-15,35.3370,35.2658,0.2257,48.2801,12.9434
2018-06-14,35.3460,35.3093,0.2620,48.0381,13.6398
2018-06-13,35.3250,35.3646,0.3055,56.9058,14.8525
2018-06-12,35.2670,35.3501,0.3189,57.4215,16.1238
2018-06-11,35.2390,35.3279,0.3293,58.8617,16.6964
2018-06-08,35.2700,35.2875,0.3317,59.5336,17.0397
2018-06-07,35.3150,35.2314,0.3269,61.8640,17.9634
2018-06-06,35.3270,35.1383,0.3049,53.7100,18.6096
2018-06-05,35.3870,35.1468,0.3283,59.3131,20.2258
2018-06-04,35.4100,35.0972,0.3259,56.5964,21.4942
2018-06-01,35.3840,35.0766,0.3364,56.1572,23.6970
2018-05-31,35.3260,35.0581,0.3480,51.6036,25.4071
2018-05-30,35.2710,35.1044,0.3894,51.6036,26.1442
2018-05-29,35.1510,35.1609,0.4364,56.5112,27.6836
2018-05-25,35.0630,35.1588,0.4576,68.4037,29.3942
2018-05-24,34.8710,35.0119,0.4117,71.9686,29.5811
2018-05-23,34.6450,34.7946,0.3299,70.1572,29.7889
2018-05-22,34.3940,34.5778,0.2431,69.5945,28.3927
2018-05-21,34.1070,34.3284,0.1359,68.8391,25.4127
2018-05-18,33.8170,34.0459,0.0073,63.3483,22.7007
2018-05-17,33.5110,33.8494,-0.0888,60.0376,20.2833
2018-05-16,33.3330,33.6870,-0.1745,57.2579,19.0102
2018-05-15,33.2020,33.5508,-0.2529,49.9899,18.2418
2018-05-14,33.1450,33.5288,-0.2830,58.8590,18.0562
2018-05-11,33.0430,33.3596,-0.3825,54.4244,18.5513
2018-05-10,32.9830,33.2395,-0.4642,52.4120,19.0249
2018-05-09,32.9410,33.1306,-0.5445,46.5384,20.4464
2018-05-08,33.0310,33.1018,-0.5912,40.4905,22.5759
2018-05-07,33.2570,33.1622,-0.5984,38.6006,23.2871
2018-05-04,33.5180,33.2649,-0.5856,24.8947,22.0625
2018-05-03,33.9020,33.5749,-0.4763,32.1267,20.2698
2018-05-02,34.1160,33.7471,-0.4245,33.9396,18.4615
2018-05-01,34.2930,33.9153,-0.3716,34.7762,18.6552
2018-04-30,34.4680,34.1009,-0.3079,36.4849,17.8364
2018-04-27,34.5860,34.2856,-0.2413,36.7414,18.0628
2018-04-26,34.7720,34.5046,-0.1560,36.8191,17.7643
2018-04-25,34.9000,34.7701,-0.0458,43.9219,17.7098
2018-04-24,34.8910,34.9056,0.0090,54.2218,17.7510
2018-04-23,34.8230,34.8647,-0.0159,57.0712,19.1972
2018-04-20,34.7080,34.7657,-0.0699,62.4407,19.3100
2018-04-19,34.5670,34.5559,-0.1785,55.1263,18.2859
2018-04-18,34.4940,34.4705,-0.2361,53.2092,18.6333
2018-04-17,34.2810,34.4062,-0.2879,54.0169,20.0092
2018-04-16,34.0890,34.3120,-0.3569,50.3335,22.0701
2018-04-13,33.9870,34.2813,-0.4011,58.1689,23.4039
2018-04-12,33.7930,34.0860,-0.5240,52.8676,24.8859
2018-04-11,33.5700,33.9740,-0.6152,47.3938,27.0982
2018-04-10,33.5090,33.9527,-0.6697,50.8704,29.4312
2018-04-09,33.3730,33.8511,-0.7641,48.3637,31.7438
2018-04-06,33.3440,33.7825,-0.8481,49.6402,34.3132
2018-04-05,33.3910,33.6675,-0.9572,48.8593,36.4845
2018-04-04,33.5050,33.5469,-1.0734,32.2627,40.4938
2018-04-03,33.7830,33.7506,-1.0451,34.0238,40.7987
2018-04-02,33.9940,33.9374,-1.0224,37.4396,39.0270
2018-03-29,34.1340,34.0502,-1.0315,35.0703,37.0585
2018-03-28,34.4120,34.2347,-1.0067,24.5368,35.7020
2018-03-27,34.8740,34.6513,-0.8728,30.1714,34.1948
2018-03-26,35.2600,34.9160,-0.8013,24.3433,32.5699
2018-03-23,35.6750,35.3307,-0.6566,28.6470,29.6608
2018-03-22,36.0060,35.6553,-0.5458,34.7084,26.4284
2018-03-21,36.1790,35.8520,-0.4881,39.5637,24.0382
2018-03-20,36.2250,35.9636,-0.4664,40.0857,24.0527
2018-03-19,36.3180,36.0866,-0.4380,35.0737,23.3831
2018-03-16,36.3860,36.3237,-0.3558,32.6016,21.8836
2018-03-15,36.4590,36.6556,-0.2262,41.3211,20.2175
2018-03-14,36.5090,36.8013,-0.1767,51.7563,18.3663
2018-03-13,36.5280,36.7616,-0.2108,56.1868,19.0335
2018-03-12,36.5350,36.6375,-0.2858,54.9622,20.9296
2018-03-09,36.5420,36.5125,-0.3651,54.7726,22.4266
2018-03-08,36.4780,36.3641,-0.4590,48.0837,24.7999
2018-03-07,36.5050,36.3339,-0.5030,39.9768,26.6614
2018-03-06,36.5850,36.4504,-0.4816,44.8145,27.1935
2018-03-05,36.6140,36.4749,-0.5012,36.4577,27.7847
2018-03-02,36.7180,36.6471,-0.4537,34.5051,27.9956
2018-03-01,36.8660,36.8887,-0.3723,42.3735,27.2000
2018-02-28,36.7970,36.9750,-0.3587,49.6340,27.9258
2018-02-27,36.6720,36.9317,-0.4043,52.2814,30.0508
2018-02-26,36.4680,36.8298,-0.4790,50.9984,33.3615
2018-02-23,36.2760,36.7320,-0.5552,42.5395,35.3085
2018-02-22,36.3720,36.7747,-0.5701,44.7289,36.7929
2018-02-21,36.4390,36.7757,-0.6042,42.8886,37.7371
2018-02-20,36.3830,36.8126,-0.6226,43.0498,39.1942
2018-02-16,36.5460,36.8532,-0.6392,43.8663,39.4818
2018-02-15,36.8220,36.8783,-0.6622,46.0080,40.1232
2018-02-14,37.0720,36.8424,-0.7124,34.1434,40.7251
2018-02-13,37.4660,37.0718,-0.6410,34.7581,40.4060
2018-02-12,37.8660,37.3277,-0.5517,28.7775,38.6071
2018-02-09,38.3420,37.7672,-0.3716,28.7775,36.6083
2018-02-08,38.7700,38.3044,-0.1364,39.9727,32.8947
2018-02-07,39.0110,38.4832,-0.0531,39.3804,29.4438
2018-02-06,39.2560,38.7150,0.0601,23.6786,27.4228
2018-02-05,39.5930,39.3072,0.3453,37.6235,24.1077
2018-02-02,39.5850,39.5399,0.4792,53.5485,21.5343
2018-02-01,39.4090,39.5487,0.5169,54.2147,21.9465
2018-01-31,39.2840,39.5507,0.5535,57.6008,23.8547
2018-01-30,39.1250,39.5064,0.5707,60.3469,24.8448
2018-01-29,39.0790,39.4145,0.5670,63.3866,26.3530
2018-01-26,39.0720,39.2599,0.5347,58.6511,26.0521
2018-01-25,39.0860,39.1777,0.5346,62.9238,26.6219
2018-01-24,39.0460,39.0149,0.4983,62.7493,27.8121
2018-01-23,39.0100,38.8205,0.4466,58.6327,29.1345
2018-01-22,39.0290,38.6873,0.4220,43.9156,31.2282
2018-01-19,39.1770,38.8000,0.5107,36.7268,34.4422
2018-01-18,39.3500,39.0355,0.6614,42.9152,36.1552
2018-01-17,39.4080,39.2012,0.7880,40.7930,35.8667
2018-01-16,39.4720,39.4326,0.9514,61.3050,38.2233
2018-01-12,39.4390,39.4265,1.0138,76.8143,40.8418
2018-01-11,39.3150,39.2902,1.0196,74.0655,43.7512
2018-01-10,39.2090,39.1835,1.0397,71.0955,42.5977
2018-01-09,39.1280,39.1110,1.0767,71.6637,41.6570
2018-01-08,39.0350,39.0179,1.1062,73.7865,41.1798
2018-01-05,38.8910,38.8863,1.1197,75.0367,40.7276
2018-01-04,38.7570,38.7144,1.1154,73.5011,40.1620
2018-01-03,38.6860,38.5465,1.1131,67.8867,38.8189
2018-01-02,38.5770,38.4746,1.1551,67.1560,38.8666
2017-12-29,38.4190,38.4022,1.1990,74.3318,39.4281
2017-12-28,38.2000,38.2405,1.2040,71.6008,39.5967
2017-12-27,38.0600,38.1162,1.2265,70.8392,39.0075
2017-12-26,37.9510,37.9842,1.2465,70.7608,38.9915
2017-12-22,37.8250,37.8252,1.2549,70.0356,38.2396
2017-12-21,37.7500,37.6530,1.2576,66.8544,37.5939
2017-12-20,37.6490,37.5381,1.2865,69.1596,37.0391
2017-12-19,37.5270,37.3644,1.2894,76.0855,36.6296
2017-12-18,37.4110,37.0542,1.2296,70.0791,35.2054
2017-12-15,37.2900,36.8929,1.2351,65.6410,33.6229
2017-12-14,37.1470,36.8203,1.2812,63.1836,34.1097
2017-12-13,37.0030,36.7936,1.3499,70.6554,35.2529
2017-12-12,36.7570,36.6589,1.3712,74.4447,36.5231
2017-12-11,36.3170,36.4453,1.3559,73.3940,35.0228
2017-12-08,35.9210,36.2243,1.3351,80.1496,33.5878
2017-12-07,35.5090,35.8630,1.2473,76.9338,31.9934
2017-12-06,35.1830,35.5748,1.1874,76.6376,30.3724
2017-12-05,34.8640,35.2359,1.0997,84.8051,28.7259
2017-12-04,34.4900,34.7105,0.9210,81.0636,26.4479
2017-12-01,34.1730,34.2973,0.7843,77.2446,23.9168
2017-11-30,33.9460,33.9656,0.6778,75.5979,23.4824
2017-11-29,33.6040,33.6246,0.5616,72.0875,20.5156
2017-11-28,33.3470,33.3323,0.4621,53.6592,18.2454
2017-11-27,33.2430,33.3572,0.5036,58.9545,17.7032
2017-11-24,33.1080,33.3299,0.5227,64.4592,18.8882
2017-11-22,32.9270,33.2410,0.5140,68.3660,19.8151
2017-11-21,32.7650,33.0945,0.4781,68.5861,20.5012
2017-11-20,32.6560,32.9133,0.4243,68.1243,21.2634
2017-11-17,32.5700,32.7030,0.3546,63.7074,19.9761
2017-11-16,32.5420,32.5481,0.3073,65.8497,19.2253
2017-11-15,32.4700,32.3321,0.2302,46.3746,18.8446
2017-11-14,32.5330,32.3881,0.2752,51.7206,19.5633
2017-11-13,32.5500,32.3921,0.2990,48.1994,21.4048
2017-11-10,32.6100,32.4393,0.3443,47.2889,23.5767
2017-11-09,32.6580,32.5080,0.4023,43.5375,25.3554
2017-11-08,32.7320,32.6387,0.4919,48.9078,26.5853
2017-11-07,32.7420,32.7184,0.5623,58.6791,28.7726
2017-11-06,32.7360,32.6958,0.5891,62.4204,30.8367
2017-11-03,32.7620,32.6282,0.5964,64.9033,30.5842
2017-11-02,32.7910,32.5189,0.5849,61.1992,29.5472
2017-11-01,32.6310,32.4564,0.5942,60.1342,28.7173
2017-10-31,32.4720,32.4001,0.6066,58.1829,28.5457
2017-10-30,32.3770,32.3690,0.6309,62.0412,28.7055
2017-10-27,32.1980,32.2776,0.6284,60.3657,28.5202
2017-10-26,31.9820,32.2038,0.6333,61.0794,28.6163
2017-10-25,31.8490,32.1024,0.6252,58.6133,28.0399
2017-10-24,31.7830,32.0407,0.6344,63.5300,28.0977
2017-10-23,31.6570,31.8809,0.5981,70.5366,27.1305
2017-10-20,31.4780,31.5744,0.4922,72.7016,24.6010
2017-10-19,31.2830,31.1665,0.3346,53.9673,20.8871
2017-10-18,31.2950,31.1591,0.3537,52.9145,21.4571
2017-10-17,31.3590,31.1678,0.3809,60.1933,23.5044
2017-10-16,31.3460,31.0739,0.3624,52.7212,25.7791
2017-10-13,31.3640,31.0926,0.3945,44.2436,28.0378
2017-10-12,31.4380,31.2354,0.4847,60.0310,30.1355
2017-10-11,31.3950,31.2143,0.5032,69.9927,32.8497
2017-10-10,31.2470,31.1020,0.4798,67.2321,32.5519
2017-10-09,31.0580,31.0135,0.4654,66.8579,31.3024
2017-10-06,30.8460,30.9121,0.4433,66.7439,30.5218
2017-10-05,30.5860,30.7903,0.4096,65.2382,29.9997
2017-10-04,30.3540,30.6726,0.3749,74.8202,29.4196
2017-10-03,30.0980,30.4310,0.2804,72.3260,28.2222
2017-10-02,29.8810,30.2023,0.1862,69.7161,26.0205
2017-09-29,29.6750,29.9873,0.0927,70.1266,24.3935
2017-09-28,29.4130,29.7200,-0.0299,67.6401,22.8290
2017-09-27,29.2500,29.4578,-0.1564,60.9894,21.0906
2017-09-26,29.1510,29.2840,-0.2484,52.6246,19.6465
2017-09-25,29.1250,29.2116,-0.2982,48.5250,21.1782
2017-09-22,29.0720,29.1808,-0.3308,39.6700,23.4755
2017-09-21,29.0490,29.2521,-0.3177,41.5061,24.6082
2017-09-20,29.1490,29.3081,-0.3107,44.1322,23.9102
2017-09-19,29.2340,29.3321,-0.3176,45.2928,23.6838
2017-09-18,29.3750,29.3415,-0.3310,42.5744,23.8595
2017-09-15,29.5420,29.3929,-0.3248,33.6763,23.2488
2017-09-14,29.7570,29.5758,-0.2573,41.1075,22.1754
2017-09-13,29.8400,29.6437,-0.2387,40.7714,21.4391
2017-09-12,29.9190,29.7312,-0.2094,41.8460,21.8984
2017-09-11,30.0580,29.8160,-0.1791,33.4834,22.4083
2017-09-08,30.2290,30.0373,-0.0839,30.2471,22.2270
2017-09-07,30.4150,30.3500,0.0582,44.2040,20.2331
2017-09-06,30.4350,30.4278,0.0992,44.8843,19.1874
2017-09-05,30.4640,30.5118,0.1450,54.7408,20.5825
2017-09-01,30.4040,30.4699,0.1351,56.1056,22.1327
2017-08-31,30.3450,30.4010,0.1125,55.3542,21.7184
2017-08-30,30.3600,30.3301,0.0880,46.9018,21.5827
2017-08-29,30.5170,30.3813,0.1187,46.0116,21.8763
2017-08-28,30.6040,30.4571,0.1622,55.8421,23.9631
2017-08-25,30.4800,30.3942,0.1441,53.1388,24.7290
2017-08-24,30.3610,30.3641,0.1403,52.6418,24.3453
2017-08-23,30.3190,30.3361,0.1374,49.1209,24.3165
2017-08-22,30.3470,30.3663,0.1613,50.7606,24.6233
2017-08-21,30.3470,30.3722,0.1752,48.0869,25.2281
2017-08-18,30.3250,30.4327,0.2148,48.9846,26.3019
2017-08-17,30.3230,30.4866,0.2531,56.1069,27.4949
2017-08-16,30.2260,30.4014,0.2290,66.3165,28.3225
2017-08-15,30.0520,30.1195,0.1135,60.1105,26.7370
2017-08-14,30.0130,29.9438,0.0418,42.3858,25.8511
2017-08-11,30.0690,30.0424,0.0932,39.6470,26.7832
2017-08-10,30.1540,30.1985,0.1738,49.2631,29.3230
2017-08-09,30.2060,30.2270,0.1999,56.1467,32.1450
2017-08-08,30.2650,30.1708,0.1884,54.1791,31.2920
2017-08-07,30.3290,30.1332,0.1853,47.1694,29.1440
2017-08-04,30.4210,30.1895,0.2255,51.6528,29.0678
2017-08-03,30.5530,30.1938,0.2440,47.4690,29.6849
2017-08-02,30.5050,30.2591,0.2916,47.8833,30.3706
2017-08-01,30.4570,30.3322,0.3450,56.6337,31.8753
2017-07-31,30.3480,30.2905,0.3480,50.2549,33.3053
2017-07-28,30.2900,30.3417,0.3937,52.2081,33.7886
2017-07-27,30.1860,30.3755,0.4331,58.5051,34.9080
2017-07-26,30.0480,30.3278,0.4363,67.2675,34.7905
2017-07-25,29.8510,30.1629,0.3851,66.4187,32.4690
2017-07-24,29.6690,29.9813,0.3234,64.7747,28.8242
2017-07-21,29.5560,29.7993,0.2583,77.9388,24.8718
2017-07-20,29.3610,29.4236,0.1011,51.1141,20.4803
2017-07-19,29.3990,29.4244,0.1098,51.9379,20.4821
2017-07-18,29.4710,29.4188,0.1163,51.4686,21.1169
2017-07-17,29.5340,29.4163,0.1248,52.6247,22.0384
2017-07-14,29.5640,29.4021,0.1289,45.3305,22.7696
2017-07-13,29.6740,29.4581,0.1658,46.5021,24.4915
2017-07-12,29.7200,29.5133,0.2043,44.1191,25.6136
2017-07-11,29.7850,29.6051,0.2618,45.1054,28.4266
2017-07-10,29.7730,29.7040,0.3252,54.4111,30.6636
2017-07-07,29.7550,29.7116,0.3495,52.1461,33.6511
2017-07-06,29.7580,29.7497,0.3886,57.2673,35.2336
2017-07-05,29.7230,29.7386,0.4064,65.5070,37.1487
2017-07-03,29.6460,29.6427,0.3856,64.1259,36.4499
2017-06-30,29.5870,29.5500,0.3646,60.5030,34.0865
2017-06-29,29.5550,29.4989,0.3610,71.3955,32.4567
2017-06-28,29.4280,29.3319,0.3033,64.2466,30.6459
2017-06-27,29.3410,29.2568,0.2843,66.3036,29.9206
2017-06-26,29.2490,29.1472,0.2478,54.7246,30.2388
2017-06-23,29.2160,29.1710,0.2698,68.0666,30.9181
2017-06-22,29.1600,29.1001,0.2482,70.8295,32.5111
2017-06-21,29.0860,28.9957,0.2089,69.1383,32.1165
2017-06-20,28.9870,28.8948,0.1679,68.4525,31.3810
2017-06-19,28.8190,28.7825,0.1182,70.4245,29.6555
2017-06-16,28.6070,28.6297,0.0460,70.3146,28.5838
2017-06-15,28.3590,28.4452,-0.0459,64.6346,27.4218
2017-06-14,28.1600,28.3264,-0.1136,62.1931,26.1306
2017-06-13,27.9900,28.2212,-0.1801,62.8439,25.5933
2017-06-12,27.8380,28.0859,-0.2653,61.3894,25.6851
2017-06-09,27.6820,27.9472,-0.3581,65.6282,26.0389
2017-06-08,27.4860,27.7288,-0.4936,64.6291,26.0299
2017-06-07,27.2850,27.4841,-0.6493,60.8385,25.5491
2017-06-06,27.1400,27.2672,-0.8009,51.4786,25.1336
2017-06-05,27.0690,27.1666,-0.9074,45.6311,26.4657
2017-06-02,27.1100,27.1258,-0.9924,39.0167,29.0819
2017-06-01,27.0550,27.1582,-1.0488,39.1326,31.2973
2017-05-31,26.9760,27.1956,-1.1066,40.3172,33.0322
2017-05-30,26.9880,27.2168,-1.1755,42.5294,33.9508
2017-05-26,26.9340,27.1961,-1.2677,40.2825,36.7327
2017-05-25,26.9000,27.2064,-1.3506,37.8213,40.0149
2017-05-24,26.9700,27.2589,-1.4184,35.8379,42.8642
2017-05-23,27.0890,27.3564,-1.4691,37.1903,44.6114
2017-05-22,27.2320,27.4334,-1.5318,37.1903,46.5526
2017-05-19,27.3890,27.5275,-1.5896,42.2931,48.7095
2017-05-18,27.4970,27.4758,-1.7165,26.1131,51.3522
2017-05-17,27.7330,27.7082,-1.7182,22.7416,50.8791
2017-05-16,27.9750,28.0434,-1.6718,27.8057,49.9988
2017-05-15,28.0490,28.2263,-1.6923,20.8034,49.6765
2017-05-12,28.1700,28.5500,-1.6479,20.9661,49.3184
2017-05-11,28.2390,28.9366,-1.5714,24.7043,46.9801
2017-05-10,28.8160,29.2181,-1.5384,26.3777,44.7744
2017-05-09,29.3880,29.4866,-1.5085,28.5813,43.2236
2017-05-08,29.9630,29.7191,-1.4923,29.2986,41.8414
2017-05-05,30.5350,29.9723,-1.4641,30.5812,40.6476
2017-05-04,31.0290,30.2239,-1.4333,30.0512,39.3920
2017-05-03,31.4820,30.5426,-1.3680,28.3779,37.1710
2017-05-02,31.9260,30.9698,-1.2475,21.8452,34.7031
2017-05-01,32.4110,31.6386,-1.0084,21.8997,31.2865
2017-04-28,32.8540,32.4517,-0.6905,17.4533,26.6742
2017-04-27,33.3710,33.5520,-0.2258,47.6968,21.5650
2017-04-26,33.3090,33.5769,-0.2343,51.6277,22.1019
2017-04-25,33.1910,33.5429,-0.2712,58.5118,22.6985
2017-04-24,33.0910,33.3991,-0.3612,60.2405,23.4485
2017-04-21,32.9570,33.1989,-0.4820,54.5241,24.0453
2017-04-20,32.9020,33.0698,-0.5763,48.6458,26.3816
2017-04-19,32.9940,33.0141,-0.6414,45.0313,28.9370
2017-04-18,33.0460,33.0040,-0.6887,41.4661,28.9891
2017-04-17,33.2100,33.0471,-0.7136,35.4360,28.0905
2017-04-13,33.3960,33.1886,-0.6942,37.7085,26.9516
2017-04-12,33.5110,33.3039,-0.6859,39.0074,25.8970
2017-04-11,33.5930,33.4114,-0.6806,35.4027,25.5508
2017-04-10,33.6190,33.6028,-0.6364,40.5103,24.6501
2017-04-07,33.5590,33.6946,-0.6359,37.5985,25.0849
2017-04-06,33.6190,33.8578,-0.6026,39.6488,25.7210
2017-04-05,33.6030,33.9973,-0.5788,48.5651,26.6228
2017-04-04,33.4690,33.9434,-0.6429,40.7257,28.1161
2017-04-03,33.5500,34.0242,-0.6481,49.7151,28.1976
2017-03-31,33.6130,33.9295,-0.7339,47.5597,28.2882
2017-03-30,33.7590,33.8539,-0.8145,41.9624,30.3056
2017-03-29,33.9780,33.8614,-0.8596,39.6432,32.5471
2017-03-28,34.2170,33.9106,-0.8864,27.6439,32.9074
2017-03-27,34.5110,34.1552,-0.8231,24.0414,33.2038
2017-03-24,34.8510,34.5030,-0.7081,29.9606,29.8779
2017-03-23,35.1030,34.7126,-0.6497,21.1325,27.1628
2017-03-22,35.3880,35.0776,-0.5158,17.9014,24.1459
2017-03-21,35.6880,35.5615,-0.3201,26.4491,19.4802
2017-03-20,35.8060,35.8218,-0.2173,33.0203,14.7581
2017-03-17,35.8780,35.9867,-0.1533,41.8318,11.3249
2017-03-16,35.8950,36.0437,-0.1355,46.6590,9.0872
2017-03-15,35.9820,36.0512,-0.1394,47.0077,9.8094
2017-03-14,36.0970,36.0560,-0.1443,41.4987,10.6119
2017-03-13,36.1990,36.1239,-0.1200,45.1169,10.5018
2017-03-10,36.2500,36.1537,-0.1116,46.4848,10.6797
2017-03-09,36.2670,36.1701,-0.1085,43.7565,11.1052
2017-03-08,36.3610,36.2257,-0.0866,43.4320,11.3741
2017-03-07,36.4300,36.2980,-0.0554,38.1322,11.4835
2017-03-06,36.5840,36.4598,0.0188,40.5131,11.0240
2017-03-03,36.6620,36.6065,0.0899,41.5277,10.0532
2017-03-02,36.7910,36.7635,0.1691,53.3014,9.8762
2017-03-01,36.8360,36.7376,0.1679,57.8176,10.2682
2017-02-28,36.7810,36.6392,0.1335,52.9100,9.7427
2017-02-27,36.7470,36.6102,0.1293,49.4225,10.7689
2017-02-24,36.7700,36.6347,0.1496,46.0957,11.2636
2017-02-23,36.7280,36.7201,0.1988,53.8782,11.7321
2017-02-22,36.6300,36.6891,0.1965,50.5525,12.7446
2017-02-21,36.6350,36.7111,0.2183,57.7732,13.6925
2017-02-17,36.5490,36.6224,0.1899,51.4063,13.7699
2017-02-16,36.4860,36.6319,0.2050,60.9212,15.2031
2017-02-15,36.3310,36.5078,0.1591,63.3430,15.4527
2017-02-14,36.2040,36.3251,0.0839,55.3570,13.3881
2017-02-13,36.1710,36.2574,0.0580,52.7077,11.8617
2017-02-10,36.1730,36.2190,0.0445,57.2981,11.7573
2017-02-09,36.1690,36.1055,-0.0039,44.1696,11.6414
2017-02-08,36.1880,36.1667,0.0259,44.8592,12.0604
2017-02-07,36.2390,36.2304,0.0586,57.0420,12.0664
2017-02-06,36.1720,36.1393,0.0220,50.8812,12.9132
2017-02-03,36.1500,36.1148,0.0148,45.4668,14.0828
2017-02-02,36.1530,36.1514,0.0358,39.2377,15.3823
2017-02-01,36.1850,36.2650,0.0937,45.5871,13.3721
2017-01-31,36.1580,36.3106,0.1235,49.7253,13.0482
2017-01-30,36.1380,36.3129,0.1353,52.4010,12.4909
2017-01-27,36.1270,36.2824,0.1331,56.8024,13.2867
2017-01-26,36.0740,36.1919,0.1039,45.2478,14.0381
2017-01-25,36.1530,36.2301,0.1334,52.1855,15.1829
2017-01-24,36.2170,36.1945,0.1314,43.3047,16.5879
2017-01-23,36.3110,36.2444,0.1697,44.3641,18.2948
2017-01-20,36.4170,36.2921,0.2100,43.3242,20.1912
2017-01-19,36.5850,36.3614,0.2634,42.9402,21.6090
2017-01-18,36.7190,36.4507,0.3299,39.8215,22.8296
2017-01-17,36.8150,36.5975,0.4272,43.7456,23.4790
2017-01-13,36.8180,36.7080,0.5137,46.9706,24.6559
2017-01-12,36.8230,36.7898,0.5921,44.1935,27.0592
2017-01-11,36.9140,36.9297,0.7019,53.2580,28.4975
2017-01-10,36.9460,36.9564,0.7657,56.8072,30.2413
2017-01-09,36.9240,36.9400,0.8136,55.3464,31.9006
2017-01-06,36.9430,36.9466,0.8751,57.9944,34.9439
2017-01-05,36.9650,36.9148,0.9226,67.1508,37.0418
2017-01-04,36.9050,36.7492,0.9117,63.9121,39.3729
2017-01-03,36.8320,36.6268,0.9211,58.2526,39.0306
2016-12-30,36.8660,36.5994,0.9758,50.3534,40.7040
2016-12-29,36.8790,36.7037,1.0946,54.2258,45.1140
2016-12-28,36.8370,36.7734,1.2038,66.2115,50.0140
2016-12-27,36.7430,36.7075,1.2564,67.3945,54.2604
2016-12-23,36.6750,36.6137,1.2991,64.3360,54.9032
2016-12-22,36.6480,36.5700,1.3674,69.6659,56.1569
2016-12-21,36.5660,36.4523,1.4051,73.6421,57.5499
2016-12-20,36.3580,36.2616,1.4114,71.9253,57.2895
2016-12-19,36.1790,36.0842,1.4244,68.2809,57.0829
2016-12-16,36.0070,35.9763,1.4701,77.9446,57.3586
2016-12-15,35.8030,35.7288,1.4542,72.3161,57.6361
2016-12-14,35.6450,35.6107,1.4972,69.9007,57.9445
2016-12-13,35.4670,35.5309,1.5598,73.0663,59.4817
2016-12-12,35.2590,35.3978,1.6007,79.5509,61.2465
2016-12-09,35.0620,35.1639,1.5971,81.3791,62.1830
2016-12-08,34.9070,34.8581,1.5602,80.1958,61.1185
2016-12-07,34.6790,34.5422,1.5167,74.2477,59.9357
2016-12-06,34.5400,34.3893,1.5462,75.0202,59.0473
2016-12-05,34.3850,34.1936,1.5571,72.2963,58.6372
2016-12-02,34.2490,34.0478,1.5913,75.8406,58.3811
2016-12-01,34.0270,33.8251,1.5914,73.6933,58.5855
2016-11-30,33.8670,33.6351,1.6060,70.5762,58.3160
2016-11-29,33.8110,33.5117,1.6512,69.6515,58.9312
2016-11-28,33.6830,33.3921,1.6991,76.2779,60.3591
2016-11-25,33.3800,33.1504,1.6917,84.8996,61.9458
2016-11-23,32.9370,32.7416,1.6058,81.1840,59.8070
2016-11-22,32.4320,32.4619,1.5736,80.4855,57.4305
2016-11-21,31.9370,32.1557,1.5259,79.9840,55.1769
2016-11-18,31.4470,31.8081,1.4550,79.0555,52.9975
2016-11-17,30.9240,31.4343,1.3668,76.2048,50.6907
2016-11-16,30.4890,31.1241,1.3016,79.9128,48.2832
2016-11-15,30.0360,30.6895,1.1739,88.4327,45.7706
2016-11-14,29.5500,30.0361,0.9378,86.3909,42.6592
2016-11-11,29.2020,29.4285,0.7105,82.0022,38.7914
2016-11-10,28.9600,28.9793,0.5444,77.6233,35.1546
2016-11-09,28.7890,28.6281,0.4150,62.9457,31.7723
2016-11-08,28.7330,28.5565,0.4079,62.1122,29.7316
2016-11-07,28.7170,28.4824,0.3989,61.1956,30.6489
2016-11-04,28.6760,28.4074,0.3887,53.0112,30.3082
2016-11-03,28.6370,28.4401,0.4272,57.2830,31.8061
2016-11-02,28.4940,28.4313,0.4476,58.6361,33.9922
2016-11-01,28.2920,28.4049,0.4600,62.8343,34.6085
2016-10-31,28.0890,28.3237,0.4468,74.1238,35.2933
2016-10-28,27.8260,28.1090,0.3705,71.8476,34.6368
2016-10-27,27.5870,27.9043,0.2941,70.2152,32.6564
2016-10-26,27.3320,27.6942,0.2107,65.6315,30.8875
2016-10-25,27.1420,27.5396,0.1481,73.1166,29.5260
2016-10-24,26.9420,27.2750,0.0313,70.2418,27.0571
2016-10-21,26.7940,27.0228,-0.0855,64.4717,24.3138
2016-10-20,26.7170,26.8346,-0.1785,51.6621,22.6152
2016-10-19,26.7970,26.7867,-0.2110,39.1384,24.4613
2016-10-18,26.8840,26.8437,-0.1966,43.2072,26.3005
2016-10-17,26.9800,26.8668,-0.1966,41.1081,26.1672
2016-10-14,27.0980,26.9128,-0.1857,40.6143,26.0191
2016-10-13,27.1970,26.9734,-0.1670,31.8736,26.4255
2016-10-12,27.3440,27.1230,-0.1061,34.4216,23.6108
2016-10-11,27.4760,27.2637,-0.0462,37.8627,21.6128
2016-10-10,27.5290,27.3823,0.0065,40.9316,19.6045
2016-10-07,27.5510,27.4828,0.0534,43.6374,17.3731
2016-10-06,27.5740,27.5678,0.0951,59.1674,15.0251
2016-10-05,27.5050,27.5051,0.0705,49.4534,14.0847
2016-10-04,27.4600,27.5285,0.0840,57.6877,14.8470
2016-10-03,27.4110,27.4904,0.0695,62.0253,15.0154
2016-09-30,27.3300,27.4127,0.0356,57.7351,16.4267
2016-09-29,27.2520,27.3644,0.0133,61.9333,17.9055
2016-09-28,27.1510,27.2742,-0.0296,63.1133,18.1879
2016-09-27,27.0420,27.1551,-0.0881,51.7319,18.4662
2016-09-26,27.0240,27.1318,-0.1054,48.8935,19.3260
2016-09-23,26.9870,27.1278,-0.1148,53.5294,21.1354
2016-09-22,26.9850,27.0829,-0.1435,49.4559,21.5598
2016-09-21,27.0290,27.0657,-0.1606,43.9983,23.2803
2016-09-20,27.0820,27.0914,-0.1588,50.0161,23.7259
2016-09-19,27.1380,27.0651,-0.1807,45.3596,24.4931
2016-09-16,27.2210,27.0729,-0.1876,40.3591,26.0225
2016-09-15,27.3190,27.1224,-0.1754,37.7974,25.9603
2016-09-14,27.3740,27.2030,-0.1481,36.7100,25.8911
2016-09-13,27.4270,27.3103,-0.1070,42.7654,23.9692
2016-09-12,27.4140,27.3615,-0.0897,34.6851,21.8338
2016-09-09,27.4460,27.4907,-0.0358,44.7247,20.0391
2016-09-08,27.4250,27.5309,-0.0204,52.1596,19.1422
2016-09-07,27.3980,27.5155,-0.0299,49.0024,20.1503
2016-09-06,27.3930,27.5234,-0.0294,57.2149,21.7432
2016-09-02,27.3530,27.4686,-0.0580,60.0247,23.3966
2016-09-01,27.2840,27.3816,-0.1027,59.4269,24.9699
2016-08-31,27.2400,27.2820,-0.1552,47.0830,26.7180
2016-08-30,27.2400,27.2758,-0.1670,45.3566,29.6266
2016-08-29,27.2790,27.2815,-0.1736,35.9538,29.5192
2016-08-26,27.3700,27.3551,-0.1489,38.9715,28.6689
2016-08-25,27.4050,27.4118,-0.1305,38.9715,26.4107
2016-08-24,27.4650,27.4811,-0.1051,43.5069,25.0768
2016-08-23,27.5130,27.5147,-0.0946,45.5827,24.3238
2016-08-22,27.5750,27.5335,-0.0900,44.1436,24.5185
2016-08-19,27.6710,27.5699,-0.0767,39.3303,23.6536
2016-08-18,27.7830,27.6587,-0.0382,42.9985,22.6926
2016-08-17,27.8340,27.7185,-0.0109,41.2038,20.8797
2016-08-16,27.8410,27.8092,0.0322,46.6575,19.0963
2016-08-15,27.8650,27.8469,0.0531,50.6825,17.3717
2016-08-12,27.8690,27.8439,0.0567,42.3395,17.0311
2016-08-11,27.9110,27.9315,0.1021,46.6724,16.0458
2016-08-10,27.9460,27.9829,0.1332,48.6437,16.0037
2016-08-09,27.9630,28.0213,0.1598,53.0431,15.9569
2016-08-08,27.9710,28.0150,0.1669,58.6088,17.3754
2016-08-05,27.9690,27.9450,0.1450,58.0428,18.6715
2016-08-04,28.0010,27.8683,0.1191,52.3214,19.2559
2016-08-03,28.0170,27.8612,0.1239,42.9930,21.2747
2016-08-02,28.1280,27.9682,0.1813,51.7560,23.3210
2016-08-01,28.1650,27.9878,0.2009,52.1385,25.5946
2016-07-29,28.2250,28.0073,0.2211,51.6561,26.0793
2016-07-28,28.2700,28.0378,0.2466,54.6296,27.2941
2016-07-27,28.3240,28.0351,0.2573,53.6967,27.9946
2016-07-26,28.3210,28.0473,0.2743,55.9139,28.7729
2016-07-25,28.3080,28.0289,0.2768,58.5237,29.0130
2016-07-22,28.2270,27.9664,0.2576,62.9297,29.5675
2016-07-21,28.0950,27.8234,0.1987,57.6717,30.1836
2016-07-20,27.8240,27.7709,0.1768,64.0656,31.9019
2016-07-19,27.4600,27.6111,0.1024,61.9463,32.1899
2016-07-18,27.1730,27.4691,0.0304,65.5718,32.8708
2016-07-15,26.8470,27.2400,-0.0874,64.2147,33.6273
2016-07-14,26.5130,27.0000,-0.2181,67.8241,35.2380
2016-07-13,26.0710,26.6466,-0.4093,63.4401,36.2168
2016-07-12,25.6470,26.3570,-0.5823,64.0538,38.2307
2016-07-11,25.2770,25.9919,-0.7996,60.6261,39.9012
2016-07-08,25.0220,25.6568,-1.0144,59.1538,42.4374
2016-07-07,24.8710,25.2938,-1.2525,40.7265,45.8243
2016-07-06,24.9170,25.2813,-1.3407,33.7988,48.8188
2016-07-05,25.0000,25.3772,-1.3828,38.0403,50.0038
2016-07-01,25.0640,25.3766,-1.4704,36.1350,51.6245
2016-06-30,25.1370,25.4069,-1.5465,32.6745,53.5546
2016-06-29,25.2630,25.5018,-1.5947,20.6138,55.1015
2016-06-28,25.4950,25.7977,-1.5506,12.6126,55.4068
2016-06-27,26.0500,26.2617,-1.4249,14.2733,52.8236
2016-06-24,26.6860,26.6976,-1.3038,16.4164,49.9534
2016-06-23,27.3000,27.0859,-1.1964,19.8399,47.4730
2016-06-22,27.8940,27.3762,-1.1265,19.9754,45.4708
2016-06-21,28.4720,27.7242,-1.0240,17.7854,43.2461
2016-06-20,29.0150,28.1785,-0.8649,19.0099,40.8024
2016-06-17,29.4860,28.6581,-0.6839,18.2651,37.2901
2016-06-16,29.9810,29.2555,-0.4379,19.1196,33.5359
2016-06-15,30.4820,29.9256,-0.1451,19.8953,29.3753
2016-06-14,30.9480,30.6891,0.2054,33.4135,24.9220
2016-06-13,31.1600,31.0066,0.3677,48.3600,19.9739
2016-06-10,31.1940,31.0836,0.4270,55.1837,20.4756
2016-06-09,31.1490,31.0822,0.4527,67.7978,21.7829
2016-06-08,31.0200,30.9405,0.4147,66.3702,22.9738
2016-06-07,30.8610,30.7962,0.3734,60.5597,22.3976
2016-06-06,30.7280,30.7264,0.3642,55.0228,22.1438
2016-06-03,30.6590,30.7256,0.3858,58.7332,24.5367
2016-06-02,30.5530,30.6824,0.3884,65.6537,27.1955
2016-06-01,30.3550,30.5563,0.3525,64.5134,26.9810
2016-05-31,30.1190,30.4244,0.3117,69.2746,26.7426
2016-05-27,29.8850,30.2120,0.2317,65.4871,24.8975
2016-05-26,29.7140,30.0369,0.1650,61.4338,23.2023
2016-05-25,29.6710,29.9029,0.1140,58.8996,22.0106
2016-05-24,29.6640,29.7858,0.0687,53.2368,20.6998
2016-05-23,29.6710,29.7382,0.0536,50.0691,20.7898
2016-05-20,29.7060,29.7289,0.0559,53.9567,22.3999
2016-05-19,29.6680,29.6598,0.0317,51.6159,22.8685
2016-05-18,29.7100,29.6153,0.0186,43.0794,23.8148
2016-05-17,29.8590,29.6920,0.0616,34.6353,25.3030
2016-05-16,30.0790,29.8925,0.1646,37.2237,27.6418
2016-05-13,30.2530,30.0819,0.2682,39.9080,28.4916
2016-05-12,30.4020,30.2579,0.3710,52.4303,29.5652
2016-05-11,30.4430,30.2686,0.4032,54.9609,32.0011
2016-05-10,30.5210,30.2482,0.4231,50.8317,33.9291
2016-05-09,30.5730,30.2878,0.4719,51.7145,35.3663
2016-05-06,30.6070,30.3229,0.5212,44.9771,38.2732
2016-05-05,30.6440,30.4702,0.6245,53.9073,42.3916
2016-05-04,30.6740,30.5125,0.6840,62.5624,45.6554
2016-05-03,30.5920,30.4575,0.7012,67.2165,47.5189
2016-05-02,30.4130,30.3392,0.6896,65.0820,46.3209
2016-04-29,30.2160,30.2412,0.6860,65.0820,44.5452
2016-04-28,30.0670,30.1215,0.6715,63.6202,43.4338
2016-04-27,29.8850,30.0107,0.6595,72.4977,40.5328
2016-04-26,29.6090,29.7597,0.5817,68.2850,37.4379
2016-04-25,29.3470,29.5752,0.5299,67.3015,33.9991
2016-04-22,29.1060,29.3764,0.4682,63.5737,30.5941
2016-04-21,28.8930,29.2311,0.4276,72.9269,26.8107
2016-04-20,28.6770,28.9314,0.3134,67.9957,23.2422
2016-04-19,28.5320,28.7073,0.2284,60.5107,19.2771
2016-04-18,28.4730,28.5978,0.1919,55.5835,16.4670
2016-04-15,28.5160,28.5506,0.1821,64.4978,15.3319
2016-04-14,28.4490,28.3863,0.1182,58.3627,13.9512
2016-04-13,28.4070,28.2944,0.0848,51.9583,12.8706
2016-04-12,28.4230,28.2753,0.0836,44.4516,12.7853
2016-04-11,28.4520,28.3432,0.1227,45.8675,12.4968
2016-04-08,28.4970,28.4061,0.1617,42.9606,12.2183
2016-04-07,28.5270,28.5186,0.2253,50.9661,11.9089
2016-04-06,28.5430,28.5405,0.2503,52.1433,11.7038
2016-04-05,28.5430,28.5517,0.2714,54.0703,12.6091
2016-04-04,28.5220,28.5388,0.2823,65.5086,13.3049
2016-04-01,28.4250,28.3829,0.2278,57.5559,11.9629
2016-03-31,28.3250,28.3303,0.2181,53.8486,10.4717
2016-03-30,28.2520,28.3192,0.2270,56.8267,11.3369
2016-03-29,28.2140,28.2701,0.2188,52.7073,11.5325
2016-03-28,28.2510,28.2724,0.2337,57.0841,12.6117
2016-03-24,28.2140,28.2196,0.2238,52.7007,12.8449
2016-03-23,28.1740,28.2239,0.2394,59.3933,13.1040
2016-03-22,28.1000,28.1448,0.2172,58.2635,12.5818
2016-03-21,28.0800,28.0681,0.1949,57.1916,12.3294
2016-03-18,28.0840,27.9944,0.1727,55.7129,11.7419
2016-03-17,28.1310,27.9331,0.1552,47.5622,11.7821
2016-03-16,28.1950,28.0027,0.1967,47.9286,12.9475
2016-03-15,28.2000,28.0811,0.2437,54.3327,13.1517
2016-03-14,28.1090,28.0635,0.2483,61.1045,13.8178
2016-03-11,28.0310,27.9376,0.2027,55.9534,14.1269
2016-03-10,28.0130,27.8926,0.1914,51.9822,14.4704
2016-03-09,28.0030,27.9132,0.2089,52.4832,15.5235
2016-03-08,27.9360,27.9295,0.2240,58.1588,17.1080
2016-03-07,27.8780,27.8494,0.1943,60.1089,18.5838
2016-03-04,27.8280,27.7182,0.1383,63.9698,19.4704
2016-03-03,27.6040,27.4911,0.0342,60.2976,19.0795
2016-03-02,27.4010,27.3202,-0.0503,55.5396,19.2887
2016-03-01,27.2700,27.2358,-0.1003,51.3205,20.1446
2016-02-29,27.1200,27.2327,-0.1169,57.9157,21.6472
2016-02-26,26.8250,27.0955,-0.1975,59.1703,23.5990
2016-02-25,26.4580,26.9034,-0.3088,57.1978,25.5975
2016-02-24,26.2070,26.7263,-0.4197,53.0353,28.2791
2016-02-23,25.9180,26.6277,-0.5013,58.2278,30.9878
2016-02-22,25.6450,26.3872,-0.6531,60.4984,34.1015
2016-02-19,25.4850,26.0422,-0.8608,49.3747,36.8565
2016-02-18,25.4610,25.9404,-0.9667,46.8490,39.8823
2016-02-17,25.5420,25.8761,-1.0604,48.1296,42.7164
2016-02-16,25.7260,25.7619,-1.1808,42.4680,46.0378
2016-02-12,25.9940,25.7645,-1.2522,33.8355,48.1980
2016-02-11,26.3170,25.9566,-1.2385,26.7353,48.4913
2016-02-10,26.7380,26.3270,-1.1409,31.1781,47.2940
2016-02-09,27.0740,26.5797,-1.0914,18.9167,47.0608
2016-02-08,27.4970,27.0907,-0.9197,21.5782,45.0635
2016-02-05,27.9070,27.5597,-0.7584,28.6189,42.0625
2016-02-04,28.2030,27.8308,-0.6800,27.3642,39.2798
2016-02-03,28.3390,28.1799,-0.5619,32.3548,36.9734
2016-02-02,28.3690,28.4332,-0.4824,43.1635,34.4107
2016-02-01,28.3260,28.4783,-0.4951,45.4607,33.3221
2016-01-29,28.2270,28.4891,-0.5244,41.2388,33.7599
2016-01-28,28.1740,28.5688,-0.5237,45.1154,33.6106
2016-01-27,28.3060,28.5841,-0.5528,45.6371,33.9894
2016-01-26,28.3570,28.5917,-0.5870,45.1807,35.8481
2016-01-25,28.4060,28.6099,-0.6180,50.6332,37.5904
2016-01-22,28.4340,28.5054,-0.7067,52.8487,39.6670
2016-01-21,28.4510,28.3289,-0.8320,32.5715,42.6882
2016-01-20,28.6720,28.4864,-0.8088,27.9219,42.1916
2016-01-19,28.9230,28.7411,-0.7388,31.0919,40.2317
2016-01-15,29.1410,28.9503,-0.6857,25.1028,38.9598
2016-01-14,29.4180,29.2859,-0.5712,26.0070,35.5196
2016-01-13,29.7260,29.6605,-0.4331,47.2660,31.6972
2016-01-12,29.7900,29.6251,-0.4765,29.5133,28.7350
2016-01-11,29.9260,29.7507,-0.4476,27.7860,27.1850
2016-01-08,30.0740,29.9175,-0.3981,32.0237,24.5347
2016-01-07,30.1780,30.0414,-0.3658,33.4256,22.6113
2016-01-06,30.2300,30.1684,-0.3305,38.3737,21.0165
2016-01-05,30.2130,30.2435,-0.3172,38.6598,20.6267
2016-01-04,30.2160,30.3310,-0.2977,40.4232,20.1937
2015-12-31,30.2820,30.4090,-0.2818,43.5889,18.3455
2015-12-30,30.3010,30.4532,-0.2807,50.9237,18.4737
2015-12-29,30.2330,30.4028,-0.3231,47.1793,19.9695
2015-12-28,30.2010,30.3901,-0.3501,46.5115,21.6314
2015-12-24,30.2260,30.3835,-0.3754,47.3191,22.4713
2015-12-23,30.2500,30.3620,-0.4083,46.1981,24.1689
2015-12-22,30.3440,30.3536,-0.4363,40.3423,25.3519
2015-12-21,30.4630,30.4344,-0.4239,35.2362,25.6885
2015-12-18,30.6920,30.6065,-0.3683,37.1437,24.7383
2015-12-17,30.8280,30.7679,-0.3144,44.6604,23.3967
2015-12-16,30.9530,30.7964,-0.3184,41.2833,23.5182
2015-12-15,31.1730,30.8844,-0.2945,35.3669,23.3439
2015-12-14,31.3850,31.0810,-0.2189,36.5263,21.1228
2015-12-11,31.5280,31.2901,-0.1335,41.1187,18.6549
2015-12-10,31.6310,31.4279,-0.0765,41.5623,16.8908
2015-12-09,31.7050,31.5852,-0.0078,47.2524,17.2110
2015-12-08,31.6920,31.6397,0.0169,45.5201,17.5668
2015-12-07,31.7620,31.7418,0.0645,53.0689,19.2859
2015-12-04,31.7560,31.6956,0.0460,45.5795,20.3265
2015-12-03,31.7930,31.7968,0.0939,52.4799,21.7056
2015-12-02,31.6950,31.7761,0.0875,61.6563,23.2380
2015-12-01,31.4740,31.5930,0.0058,57.0912,21.5281
2015-11-30,31.2850,31.4759,-0.0497,51.0856,19.9694
2015-11-27,31.2030,31.4549,-0.0639,52.6533,19.4103
2015-11-25,31.1180,31.4005,-0.0942,50.1095,19.0422
2015-11-24,31.0830,31.3873,-0.1072,47.4632,18.6332
2015-11-23,31.1420,31.4267,-0.0966,54.4263,18.1787
2015-11-20,31.3460,31.3259,-0.1500,54.5337,17.2375
2015-11-19,31.4560,31.2006,-0.2170,52.1529,16.8435
2015-11-18,31.4950,31.1096,-0.2709,45.7627,16.4056
2015-11-17,31.6280,31.1539,-0.2644,40.4450,16.3860
2015-11-16,31.6990,31.3237,-0.1993,38.7829,17.0246
2015-11-13,31.7320,31.5667,-0.0970,42.2303,18.2146
2015-11-12,31.7510,31.7482,-0.0180,42.8901,19.8912
2015-11-11,31.7840,31.9479,0.0728,44.5178,21.3186
2015-11-10,31.8450,32.1340,0.1613,48.9553,23.5341
2015-11-09,31.7880,32.2083,0.2017,67.5835,25.7886
2015-11-06,31.5790,31.8279,0.0344,61.8525,25.7099
2015-11-05,31.4830,31.5697,-0.0850,54.0737,23.8914
2015-11-04,31.5530,31.4740,-0.1353,56.5914,24.8615
2015-11-03,31.5690,31.3038,-0.2220,45.8034,25.4389
2015-11-02,31.6350,31.3491,-0.2133,39.3809,27.3226
2015-10-30,31.5840,31.5244,-0.1442,42.5764,27.9416
2015-10-29,31.6270,31.6543,-0.0925,44.6351,27.0558
2015-10-28,31.6280,31.7597,-0.0496,49.4800,26.0989
2015-10-27,31.6320,31.7686,-0.0492,44.5660,25.9154
2015-10-26,31.7280,31.8882,0.0020,49.9167,25.1970
2015-10-23,31.7720,31.9012,0.0062,51.7818,24.3988
2015-10-22,31.8000,31.8725,-0.0089,58.3558,24.6168
2015-10-21,31.7420,31.6887,-0.0963,56.1103,24.8589
2015-10-20,31.8020,31.5306,-0.1758,51.0419,26.4472
2015-10-19,32.0130,31.4796,-0.2096,32.2196,28.2119
2015-10-16,32.1960,31.7973,-0.0756,43.9616,26.2135
2015-10-15,32.1820,31.8922,-0.0379,41.3379,25.2156
2015-10-14,32.1940,32.0483,0.0291,47.7033,25.5456
2015-10-13,32.1550,32.1124,0.0562,53.2729,28.3833
2015-10-12,32.0430,32.0951,0.0462,54.3351,30.2850
2015-10-09,31.9160,32.0562,0.0246,54.8271,31.2897
2015-10-08,31.7910,31.9999,-0.0074,53.0082,31.7207
2015-10-07,31.6490,31.9732,-0.0288,63.6994,33.1386
2015-10-06,31.4150,31.7450,-0.1453,77.6309,34.6803
2015-10-05,31.1000,31.2727,-0.3804,59.3116,33.6662
2015-10-02,30.9680,31.1378,-0.4724,46.4100,33.4737
2015-10-01,30.8960,31.1173,-0.5167,48.0994,36.9053
2015-09-30,30.8460,31.0745,-0.5740,49.3110,39.0772
2015-09-29,30.7860,31.0088,-0.6448,42.8306,41.4905
2015-09-28,30.7880,30.9952,-0.6952,41.2533,41.9159
2015-09-25,30.8130,30.9941,-0.7424,42.1504,42.3885
2015-09-24,30.9050,30.9795,-0.7979,34.4536,44.0728
2015-09-23,31.0030,31.0416,-0.8204,33.5697,45.4949
2015-09-22,31.1960,31.1264,-0.8333,34.1922,46.9346
2015-09-21,31.3250,31.2167,-0.8436,31.1274,47.3384
2015-09-18,31.4420,31.3627,-0.8282,30.2133,47.8769
2015-09-17,31.6000,31.5522,-0.7915,32.5458,47.1548
2015-09-16,31.7200,31.7171,-0.7636,31.9151,47.1614
2015-09-15,31.8970,31.9276,-0.7128,34.2189,46.0518
2015-09-14,32.0640,32.1137,-0.6703,35.3678,45.4406
2015-09-11,32.1500,32.3056,-0.6225,41.0236,44.8029
2015-09-10,32.2510,32.3780,-0.6267,37.3161,44.1969
2015-09-09,32.4280,32.5331,-0.5925,45.0470,44.1366
2015-09-08,32.5420,32.5205,-0.6329,37.6356,45.0707
2015-09-04,32.5630,32.6339,-0.6162,33.7537,44.4319
2015-09-03,32.7800,32.8348,-0.5573,36.3736,42.6097
2015-09-02,33.0330,33.0003,-0.5108,35.3703,41.1136
2015-09-01,33.3200,33.2204,-0.4358,39.0408,39.0813
2015-08-31,33.5930,33.3716,-0.3877,40.6155,37.0679
2015-08-28,33.8030,33.5075,-0.3431,33.4816,35.7725
2015-08-27,34.1420,33.8180,-0.2150,39.2228,32.5124
2015-08-26,34.3390,34.0020,-0.1379,42.6645,28.8902
2015-08-25,34.4610,34.1247,-0.0844,44.8191,25.1783
2015-08-24,34.5470,34.2124,-0.0434,26.9029,21.3563
2015-08-21,34.7370,34.6552,0.1633,39.8627,16.1174
2015-08-20,34.7530,34.8230,0.2537,48.9597,14.4342
2015-08-19,34.7690,34.8681,0.2922,52.8819,14.2073
2015-08-18,34.7410,34.8654,0.3105,59.2945,14.9207
2015-08-17,34.6510,34.7755,0.2896,54.0190,15.0293
2015-08-14,34.6080,34.7568,0.3005,66.0440,15.5731
2015-08-13,34.5190,34.5916,0.2449,59.1363,14.7400
2015-08-12,34.4810,34.5097,0.2254,54.6802,14.3088
2015-08-11,34.4410,34.4741,0.2267,53.4191,15.0797
2015-08-10,34.4570,34.4484,0.2332,45.3829,16.2532
2015-08-07,34.5070,34.5213,0.2860,44.2784,17.3869
2015-08-06,34.6540,34.6239,0.3553,56.6511,16.7004
2015-08-05,34.7600,34.5892,0.3653,53.7428,18.1369
2015-08-04,34.8580,34.5868,0.3910,49.8756,19.5630
2015-08-03,35.0230,34.6349,0.4417,50.8742,20.9175
2015-07-31,35.1100,34.6805,0.4937,53.7815,23.0175
2015-07-30,35.0990,34.6961,0.5347,53.3819,25.0215
2015-07-29,35.0670,34.7220,0.5822,49.3055,27.2481
2015-07-28,35.0300,34.8224,0.6659,56.1473,30.0537
2015-07-27,34.8930,34.8385,0.7143,54.6121,33.1711
2015-07-24,34.7640,34.8870,0.7789,70.0648,35.7321
2015-07-23,34.5010,34.7442,0.7573,76.7204,37.3821
2015-07-22,34.1730,34.5006,0.6872,74.9223,35.9539
2015-07-21,33.8590,34.2608,0.6142,84.9118,34.6696
2015-07-20,33.5180,33.8698,0.4672,81.2251,30.8231
2015-07-17,33.2790,33.5520,0.3462,75.1543,26.7322
2015-07-16,33.1660,33.3414,0.2681,72.7777,22.6859
2015-07-15,33.0500,33.1372,0.1890,68.7411,20.2127
2015-07-14,32.9160,32.9677,0.1220,61.2764,17.6751
2015-07-13,32.8200,32.8761,0.0876,60.4593,15.9007
2015-07-10,32.7750,32.7752,0.0475,52.7406,15.1992
2015-07-09,32.7710,32.7475,0.0394,45.1164,14.8107
2015-07-08,32.8140,32.7892,0.0632,42.1520,15.8381
2015-07-07,32.8690,32.8668,0.1047,45.2695,15.8999
2015-07-06,32.9110,32.9238,0.1390,51.2949,16.8728
2015-07-02,32.9110,32.9269,0.1501,62.8366,18.5850
2015-07-01,32.8540,32.8284,0.1153,57.8234,17.5199
2015-06-30,32.8040,32.7681,0.0967,44.2983,16.5118
2015-06-29,32.8480,32.8143,0.1266,39.7933,16.4268
2015-06-26,32.8980,32.9019,0.1771,52.3021,17.9540
2015-06-25,32.9270,32.9068,0.1921,51.7081,18.3723
2015-06-24,32.9700,32.9172,0.2106,55.7712,20.4129
2015-06-23,32.9680,32.9010,0.2178,55.7712,20.8888
2015-06-22,32.9310,32.8812,0.2239,56.8852,19.9256
2015-06-19,32.9070,32.8482,0.2243,54.4273,18.9794
2015-06-18,32.9010,32.8344,0.2338,52.1782,19.1500
2015-06-17,32.9250,32.8421,0.2537,47.9769,19.3395
2015-06-16,32.9340,32.8959,0.2958,56.9889,20.2055
2015-06-15,32.8620,32.8727,0.3045,55.4838,21.1411
2015-06-12,32.8060,32.8622,0.3193,61.5408,21.7585
2015-06-11,32.7450,32.7938,0.3081,64.5867,20.7143
2015-06-10,32.6490,32.6836,0.2771,59.8130,17.7485
2015-06-09,32.5650,32.6199,0.2662,53.6647,15.9206
2015-06-08,32.5490,32.6199,0.2839,57.5110,15.4487
2015-06-05,32.5110,32.5821,0.2851,58.8509,15.4390
2015-06-04,32.4850,32.5225,0.2764,63.0363,15.4283
2015-06-03,32.4000,32.4075,0.2419,58.0954,14.5296
2015-06-02,32.3150,32.3448,0.2299,51.2213,13.5309
2015-06-01,32.2690,32.3592,0.2531,52.7406,14.2055
2015-05-29,32.3190,32.3590,0.2709,56.5122,14.1342
2015-05-28,32.3610,32.3143,0.2692,53.0362,15.0229
2015-05-27,32.4400,32.3108,0.2867,49.9023,16.5727
2015-05-26,32.4610,32.3510,0.3251,55.3912,18.0268
2015-05-22,32.5320,32.3268,0.3358,54.7119,19.2160
2015-05-21,32.5640,32.3083,0.3497,57.5513,21.0188
2015-05-20,32.5110,32.2457,0.3440,52.6351,22.1147
2015-05-19,32.5090,32.2580,0.3725,47.8817,23.3968
2015-05-18,32.5150,32.3509,0.4391,47.6113,24.5989
2015-05-15,32.4880,32.4689,0.5197,62.8779,25.0901
2015-05-14,32.3410,32.3820,0.5091,65.0438,26.4571
2015-05-13,32.1140,32.2491,0.4760,67.4846,28.5405
2015-05-12,31.8590,32.0556,0.4125,59.9484,29.0776
2015-05-11,31.7060,31.9924,0.4049,77.0511,29.9266
2015-05-08,31.4720,31.7307,0.3049,73.4352,26.3847
2015-05-07,31.2920,31.5087,0.2175,66.1195,22.6267
2015-05-06,31.2380,31.3861,0.1711,68.9242,19.6060
2015-05-05,31.2010,31.2120,0.0981,65.7111,17.5055
2015-05-04,31.1090,31.0591,0.0311,61.0075,15.1715
2015-05-01,31.0640,30.9500,-0.0194,58.6752,14.5595
2015-04-30,31.0250,30.8522,-0.0671,46.4158,14.6848
2015-04-29,31.0240,30.8838,-0.0579,43.2990,15.5766
2015-04-28,31.0180,30.9535,-0.0310,47.5678,16.0777
2015-04-27,31.0040,30.9854,-0.0207,47.9222,17.8019
2015-04-24,30.9720,31.0199,-0.0092,49.5843,19.3638
2015-04-23,30.9030,31.0399,-0.0046,60.7783,20.7029
2015-04-22,30.7530,30.9332,-0.0588,67.2642,21.0340
2015-04-21,30.5530,30.7405,-0.1556,54.4534,20.2186
2015-04-20,30.4680,30.6873,-0.1933,57.4126,22.2771
2015-04-17,30.4080,30.5956,-0.2509,55.6031,24.1139
2015-04-16,30.3480,30.5058,-0.3107,49.8498,24.1870
2015-04-15,30.2910,30.4626,-0.3518,45.8500,24.6514
2015-04-14,30.2640,30.4521,-0.3799,48.7998,26.0583
2015-04-13,30.2130,30.4036,-0.4264,45.6530,27.7708
2015-04-10,30.2360,30.3800,-0.4634,40.0577,29.4733
2015-04-09,30.3130,30.4111,-0.4763,35.1626,31.0702
2015-04-08,30.4490,30.4980,-0.4635,30.0191,30.5089
2015-04-07,30.6470,30.6531,-0.4180,33.6195,28.5310
2015-04-06,30.8530,30.7694,-0.3875,38.2488,26.3334
2015-04-02,31.0530,30.8292,-0.3805,36.1088,24.3166
2015-04-01,31.2050,30.9246,-0.3559,30.2339,23.5489
2015-03-31,31.4130,31.1012,-0.2919,31.2888,22.5810
2015-03-30,31.5570,31.2925,-0.2171,29.6829,20.3842
2015-03-27,31.7410,31.5442,-0.1103,35.0242,18.1475
2015-03-26,31.8540,31.7229,-0.0314,37.8801,15.6623
2015-03-25,31.9310,31.8813,0.0422,42.1154,13.8563
2015-03-24,31.9180,31.9928,0.0978,47.2562,13.0405
2015-03-23,31.9200,32.0400,0.1267,53.2528,14.4103
2015-03-20,31.8350,32.0067,0.1200,58.2858,14.9420
2015-03-19,31.7790,31.8971,0.0781,50.3907,13.3377
2015-03-18,31.7850,31.8920,0.0826,55.0820,13.2634
2015-03-17,31.7690,31.8213,0.0575,46.9600,13.9751
2015-03-16,31.8170,31.8527,0.0787,52.0769,14.7659
2015-03-13,31.7840,31.8200,0.0720,50.0884,15.2564
2015-03-12,31.8340,31.8089,0.0756,48.7638,15.5170
2015-03-11,31.9090,31.8153,0.0883,40.3773,16.9345
2015-03-10,32.0170,31.9410,0.1572,47.6639,17.1712
2015-03-09,32.0830,31.9723,0.1868,39.4371,17.4342
2015-03-06,32.2050,32.1128,0.2688,48.3611,18.2480
2015-03-05,32.2070,32.1512,0.3084,49.0267,18.5545
2015-03-04,32.2030,32.1893,0.3504,50.1131,20.4495
2015-03-03,32.1780,32.2202,0.3917,51.7343,21.2703
2015-03-02,32.2420,32.2336,0.4276,44.5412,22.2749
2015-02-27,32.4140,32.3588,0.5171,55.0988,22.5889
2015-02-26,32.5510,32.3563,0.5525,57.9232,25.0857
2015-02-25,32.6230,32.3177,0.5734,55.3483,26.1590
2015-02-24,32.6520,32.3150,0.6121,57.4033,27.7269
2015-02-23,32.6180,32.2828,0.6393,58.9178,29.4690
2015-02-20,32.5690,32.2212,0.6546,52.0924,30.1483
2015-02-19,32.5000,32.2792,0.7256,51.8525,30.9032
2015-02-18,32.4170,32.3546,0.8078,50.2835,33.4354
2015-02-17,32.3670,32.4779,0.9152,63.6082,36.2490
2015-02-13,32.1710,32.4063,0.9371,74.0241,39.0881
2015-02-12,31.9430,32.1877,0.8914,81.1158,39.8008
2015-02-11,31.6910,31.8427,0.7844,78.5234,36.6467
2015-02-10,31.5420,31.5300,0.6864,74.4674,33.5030
2015-02-09,31.3990,31.2878,0.6155,70.4860,30.5720
2015-02-06,31.2670,31.1029,0.5669,70.0659,28.4023
2015-02-05,31.0600,30.8880,0.5017,62.3487,25.9915
2015-02-04,30.8550,30.8031,0.4926,60.5165,24.3964
2015-02-03,30.6540,30.7349,0.4902,63.8366,24.3353
2015-02-02,30.4230,30.6093,0.4606,58.9266,24.2675
2015-01-30,30.1730,30.5580,0.4630,63.4795,25.0432
2015-01-29,29.9810,30.4353,0.4319,65.3304,25.5887
2015-01-28,29.7980,30.2610,0.3746,74.9905,25.3000
2015-01-27,29.5990,29.9278,0.2411,70.9032,24.5955
2015-01-26,29.4560,29.6474,0.1252,67.6473,24.3240
2015-01-23,29.3830,29.3912,0.0152,59.2234,24.0983
2015-01-22,29.3360,29.2559,-0.0440,47.1478,23.8475
2015-01-21,29.3660,29.2639,-0.0395,44.8880,21.9914
2015-01-20,29.3960,29.3004,-0.0210,42.8728,21.3459
2015-01-16,29.4350,29.3693,0.0141,29.0823,20.1294
2015-01-15,29.5800,29.5981,0.1250,40.6240,18.0319
2015-01-14,29.6720,29.6887,0.1781,44.3513,15.7013
2015-01-13,29.7820,29.7551,0.2229,52.6048,16.3894
2015-01-12,29.8500,29.7518,0.2382,52.3950,17.5256
2015-01-09,29.8910,29.7500,0.2553,59.7784,19.2520
2015-01-08,29.8950,29.6789,0.2418,48.3727,21.1702
2015-01-07,29.9460,29.7120,0.2761,48.1276,23.3016
2015-01-06,29.9550,29.7547,0.3169,45.3235,23.9314
2015-01-05,29.9970,29.8335,0.3765,44.8765,23.4610
2015-01-02,29.9970,29.9342,0.4491,52.8473,23.5773
2014-12-31,29.8700,29.9663,0.4935,60.3807,25.9973
2014-12-30,29.7190,29.9344,0.5105,71.2330,27.6288
2014-12-29,29.5850,29.8109,0.4860,70.7347,28.4176
2014-12-26,29.4730,29.6689,0.4518,67.1498,27.2068
2014-12-24,29.4230,29.5575,0.4300,66.3549,25.9116
2014-12-23,29.3670,29.4347,0.4021,65.4779,25.6769
2014-12-22,29.3160,29.3002,0.3678,59.6647,25.4162
2014-12-19,29.2840,29.2314,0.3624,64.4336,26.0680
2014-12-18,29.2300,29.1006,0.3288,58.1216,25.4544
2014-12-17,29.1930,29.0385,0.3260,39.1135,25.2070
2014-12-16,29.2530,29.1537,0.4052,40.6585,27.8942
2014-12-15,29.2870,29.2768,0.4923,53.8104,29.5645
2014-12-12,29.2720,29.3050,0.5403,59.4773,31.4577
2014-12-11,29.2140,29.2994,0.5753,72.4475,32.8204
2014-12-10,29.1300,29.2171,0.5771,70.3969,30.7550
2014-12-09,29.0680,29.1431,0.5832,70.0627,28.7351
2014-12-08,29.0420,29.0571,0.5845,65.9056,27.2752
2014-12-05,29.0430,29.0053,0.6021,65.7271,25.6530
2014-12-04,29.0110,28.9443,0.6169,60.7323,25.8059
2014-12-03,29.0090,28.9297,0.6542,64.1609,25.9759
2014-12-02,29.0180,28.8874,0.6811,60.9110,26.9886
2014-12-01,29.0290,28.8757,0.7239,62.6143,28.1137
2014-11-28,29.0210,28.8481,0.7619,58.2345,30.0527
2014-11-26,29.0470,28.8699,0.8248,60.2680,32.6030
2014-11-25,29.0640,28.8788,0.8849,62.7322,35.4367
2014-11-24,29.0510,28.8674,0.9385,71.7038,38.5852
2014-11-21,28.9470,28.7779,0.9587,72.5275,38.3588
2014-11-20,28.7890,28.6619,0.9675,68.8813,37.1985
2014-11-19,28.6440,28.5957,0.9993,69.6150,36.0038
2014-11-18,28.4640,28.5080,1.0222,74.8793,35.3532
2014-11-17,28.2730,28.3521,1.0142,73.5712,33.9629
2014-11-14,28.0760,28.1970,1.0056,72.5249,32.7282
2014-11-13,27.8890,28.0363,0.9931,74.3590,31.2696
2014-11-12,27.8880,27.8199,0.9537,74.2940,30.1715
2014-11-11,27.6690,27.5577,0.8904,73.0648,29.0618
2014-11-10,27.4620,27.2816,0.8171,69.2992,27.6261
2014-11-07,27.2470,27.0708,0.7697,65.4045,26.5696
2014-11-06,27.0500,26.9266,0.7499,63.6979,26.4853
2014-11-05,26.8460,26.7969,0.7351,61.0637,27.0960
2014-11-04,26.6520,26.7095,0.7382,62.4660,28.2658
2014-11-03,26.3990,26.5783,0.7201,60.8476,29.6528
2014-10-31,26.1660,26.4668,0.7090,60.6393,29.7380
2014-10-30,25.9330,26.3372,0.6875,88.0393,30.8127
2014-10-29,25.4530,25.7455,0.4515,77.9843,26.0814
2014-10-28,25.2460,25.5090,0.3668,77.3586,23.3867
2014-10-27,25.0360,25.2376,0.2614,71.4177,20.3925
2014-10-24,24.8540,25.0504,0.1893,67.5241,17.7072
2014-10-23,24.7290,24.8950,0.1282,63.7536,15.7866
2014-10-22,24.6840,24.7672,0.0767,60.5116,15.0388
2014-10-21,24.6400,24.6599,0.0324,52.0983,16.0542
2014-10-20,24.6570,24.6355,0.0241,51.7125,17.5879
2014-10-17,24.6680,24.6100,0.0153,51.1817,17.0278
2014-10-16,24.6740,24.5856,0.0069,41.0776,17.4758
2014-10-15,24.6890,24.6713,0.0490,50.9294,16.0230
2014-10-14,24.6590,24.6560,0.0471,48.6725,14.4089
2014-10-13,24.6830,24.6618,0.0551,40.3703,14.9301
2014-10-10,24.7140,24.7510,0.1022,44.5799,14.3279
2014-10-09,24.7250,24.8068,0.1364,55.9580,13.3268
2014-10-08,24.7210,24.7594,0.1251,51.4546,13.4827
2014-10-07,24.7130,24.7482,0.1302,54.5630,14.9108
2014-10-06,24.6850,24.7056,0.1217,52.9902,16.3524
2014-10-03,24.7270,24.6713,0.1172,51.4785,17.3367
2014-10-02,24.7340,24.6471,0.1178,42.5402,18.4975
2014-10-01,24.7560,24.7131,0.1607,44.0694,19.3943
2014-09-30,24.7570,24.7738,0.2040,52.1270,20.5857
2014-09-29,24.6940,24.7524,0.2125,45.9181,21.7417
2014-09-26,24.6720,24.7930,0.2507,46.6441,23.6122
2014-09-25,24.6640,24.8336,0.2919,53.7135,25.6905
2014-09-24,24.6410,24.8011,0.3024,49.0144,27.8310
2014-09-23,24.6870,24.8169,0.3370,47.6757,29.8958
2014-09-22,24.7510,24.8518,0.3833,60.2952,32.9973
2014-09-19,24.8050,24.7567,0.3737,52.4368,33.9610
2014-09-18,24.8900,24.7359,0.3998,46.1960,35.0318
2014-09-17,24.9860,24.7728,0.4559,43.3279,38.8555
2014-09-16,25.1400,24.8445,,38.1336,42.2826
2014-09-15,25.2860,24.9788,,39.8557,44.0468
2014-09-12,25.4320,25.1186,,42.6953,46.1619
2014-09-11,25.5190,25.2494,,46.3259,50.8819
2014-09-10,25.5440,25.3603,,54.6983,55.8402
2014-09-09,25.5250,25.3982,,57.0168,60.9928
2014-09-08,25.5320,25.4200,,69.5613,66.6625
2014-09-05,25.4750,25.3311,,68.1038,72.9622
2014-09-04,25.4520,25.2492,,66.0299,72.8242
2014-09-03,25.3290,25.1868,,78.4524,73.1450
2014-09-02,25.0500,25.0083,,75.8774,72.1635
2014-08-29,24.7860,24.8545,,79.1046,71.1817
2014-08-28,24.5070,24.6422,,75.6273,70.0908
2014-08-27,24.2870,24.4738,,71.4565,68.9791
2014-08-26,24.0870,24.3569,,71.4565,
2014-08-25,23.8760,24.2140,,81.9658,
2014-08-22,23.6290,23.9571,,81.1568,
2014-08-21,23.3970,23.6698,,87.6434,
2014-08-20,23.1390,23.2697,,79.9875,
2014-08-19,22.9890,23.0408,,57.9342,
2014-08-18,22.9680,23.0054,,51.8574,
2014-08-15,22.9720,22.9932,,50.0000,
2014-08-14,22.9600,22.9873,,59.2593,
2014-08-13,22.9400,22.9400,,,
